AP1,AP2,AP3,AP4,AP5,AP6,AP7,AP8,Class
-52,-56,-58,-67,-65,-64,-65,-60,1
-52,-55,-56,-64,-63,-67,-68,-55,1
-52,-58,-57,-61,-64,-66,-61,-55,1
-51,-60,-56,-63,-63,-65,-60,-54,1
-52,-59,-56,-64,-62,-77,-61,-56,1
-52,-56,-56,-62,-64,-67,-64,-55,1
-54,-61,-57,-67,-64,-67,-63,-54,1
-53,-59,-56,-64,-64,-66,-64,-54,1
-53,-58,-58,-64,-64,-71,-65,-55,1
-53,-61,-58,-63,-65,-66,-66,-58,1
-53,-57,-57,-61,-65,-66,-64,-55,1
-60,-61,-68,-57,-63,-62,-60,-60,1
-60,-61,-69,-60,-63,-62,-61,-55,1
-59,-58,-66,-57,-64,-62,-62,-55,1
-59,-59,-68,-58,-65,-62,-61,-59,1
-59,-63,-66,-57,-64,-63,-60,-59,1
-58,-64,-66,-59,-64,-60,-58,-59,1
-61,-61,-68,-56,-64,-62,-60,-58,1
-59,-58,-68,-57,-65,-62,-61,-59,1
-60,-62,-68,-54,-65,-61,-61,-60,1
-58,-61,-67,-58,-64,-62,-63,-58,1
-54,-58,-63,-56,-59,-64,-60,-69,1
-55,-59,-61,-55,-55,-54,-63,-63,1
-64,-61,-61,-55,-59,-59,-62,-66,1
-55,-61,-57,-54,-57,-59,-62,-70,1
-56,-58,-60,-55,-56,-59,-60,-65,1
-55,-59,-60,-56,-56,-59,-60,-70,1
-68,-58,-60,-55,-56,-58,-62,-66,1
-67,-61,-59,-57,-59,-59,-62,-68,1
-67,-60,-58,-54,-58,-60,-61,-63,1
-67,-59,-57,-54,-57,-61,-59,-63,1
-63,-60,-58,-55,-58,-61,-60,-63,1
-67,-57,-57,-63,-57,-62,-62,-63,1
-66,-58,-56,-55,-58,-61,-61,-63,1
-73,-63,-60,-57,-58,-61,-60,-65,1
-68,-61,-59,-57,-57,-59,-62,-64,1
-76,-57,-57,-57,-58,-58,-60,-64,1
-73,-62,-60,-57,-60,-57,-61,-67,1
-73,-59,-60,-57,-58,-66,-61,-64,1
-65,-55,-59,-59,-66,-58,-60,-50,1
-61,-54,-57,-62,-64,-57,-60,-50,1
-60,-55,-58,-63,-63,-56,-59,-52,1
-60,-55,-56,-60,-65,-55,-60,-50,1
-60,-54,-59,-61,-66,-56,-61,-53,1
-61,-54,-59,-59,-66,-56,-62,-53,1
-61,-56,-58,-60,-65,-56,-64,-50,1
-60,-55,-60,-58,-65,-56,-61,-50,1
-64,-56,-59,-61,-64,-57,-63,-49,1
-65,-56,-58,-59,-64,-55,-61,-51,1
-66,-56,-59,-56,-64,-55,-61,-51,1
-58,-56,-59,-60,-69,-56,-64,-51,1
-52,-61,-55,-56,-58,-58,-58,-48,2
-55,-61,-56,-55,-62,-56,-58,-59,2
-56,-65,-55,-58,-62,-54,-60,-49,2
-55,-65,-55,-55,-59,-52,-57,-51,2
-53,-62,-54,-56,-59,-55,-58,-49,2
-53,-64,-54,-56,-59,-58,-56,-50,2
-53,-62,-54,-55,-59,-59,-57,-49,2
-53,-63,-55,-57,-59,-57,-57,-49,2
-65,-60,-64,-61,-62,-54,-56,-54,2
-58,-58,-66,-60,-63,-54,-56,-52,2
-62,-60,-66,-59,-61,-52,-57,-52,2
-62,-56,-65,-63,-62,-54,-58,-51,2
-62,-59,-64,-60,-64,-54,-59,-52,2
-62,-60,-67,-62,-64,-55,-57,-52,2
-63,-59,-66,-59,-64,-54,-57,-52,2
-63,-59,-65,-61,-63,-54,-57,-50,2
-62,-58,-63,-60,-64,-54,-57,-52,2
-63,-60,-70,-61,-64,-53,-57,-52,2
-60,-59,-67,-60,-64,-52,-57,-52,2
-60,-62,-56,-56,-68,-54,-59,-49,2
-56,-63,-57,-57,-68,-54,-60,-49,2
-58,-66,-55,-56,-69,-55,-64,-48,2
-57,-62,-54,-58,-73,-55,-63,-48,2
-56,-63,-55,-59,-65,-55,-62,-47,2
-57,-65,-55,-58,-69,-54,-61,-49,2
-65,-61,-55,-58,-68,-56,-64,-49,2
-64,-62,-55,-57,-65,-55,-62,-47,2
-62,-61,-55,-59,-64,-54,-60,-47,2
-64,-60,-56,-57,-65,-54,-62,-50,2
-63,-62,-56,-57,-64,-57,-60,-49,2
-62,-63,-57,-58,-64,-55,-60,-50,2
-58,-61,-56,-58,-70,-54,-62,-51,2
-56,-63,-55,-55,-63,-55,-61,-50,2
-57,-60,-55,-56,-65,-55,-61,-50,2
-58,-62,-56,-61,-65,-54,-60,-50,2
-56,-57,-56,-69,-63,-53,-64,-53,2
-57,-56,-56,-64,-62,-53,-65,-53,2
-54,-59,-57,-65,-64,-55,-66,-52,2
-56,-58,-57,-63,-64,-56,-68,-53,2
-56,-57,-57,-64,-64,-56,-66,-52,2
-59,-57,-56,-63,-62,-52,-66,-52,2
-56,-57,-56,-63,-62,-55,-77,-53,2
-56,-55,-55,-67,-62,-54,-69,-53,2
-56,-57,-55,-64,-63,-54,-65,-52,2
-56,-59,-56,-63,-63,-54,-62,-53,2
-56,-62,-55,-62,-64,-54,-66,-52,2
-56,-60,-55,-65,-63,-55,-67,-53,2
-54,-59,-54,-65,-64,-54,-65,-53,2
-55,-59,-56,-63,-62,-55,-64,-51,2
-54,-60,-55,-64,-62,-56,-65,-53,2
-61,-58,-53,-70,-56,-60,-57,-69,3
-61,-62,-52,-66,-57,-58,-56,-70,3
-61,-60,-51,-66,-60,-61,-55,-69,3
-61,-61,-51,-65,-59,-59,-56,-73,3
-61,-56,-52,-70,-58,-60,-57,-68,3
-65,-66,-55,-64,-65,-59,-61,-67,3
-63,-64,-56,-62,-62,-58,-64,-62,3
-62,-66,-57,-61,-65,-56,-61,-62,3
-64,-68,-56,-62,-62,-57,-61,-62,3
-72,-66,-57,-62,-62,-57,-61,-66,3
-66,-67,-56,-67,-72,-58,-61,-65,3
-67,-66,-56,-64,-65,-58,-62,-66,3
-66,-69,-58,-64,-63,-58,-61,-66,3
-65,-67,-55,-65,-64,-59,-60,-64,3
-66,-66,-56,-62,-67,-59,-61,-66,3
-58,-60,-56,-59,-60,-66,-64,-67,3
-58,-58,-58,-60,-64,-66,-62,-70,3
-59,-55,-58,-61,-66,-67,-59,-74,3
-60,-59,-58,-60,-67,-67,-60,-74,3
-59,-58,-57,-59,-66,-65,-60,-70,3
-60,-56,-57,-57,-62,-65,-60,-66,3
-60,-56,-56,-59,-63,-64,-60,-70,3
-58,-58,-59,-57,-63,-64,-59,-63,3
-60,-58,-57,-57,-63,-66,-59,-66,3
-59,-58,-56,-60,-63,-65,-60,-66,3
-60,-59,-56,-57,-62,-65,-60,-69,3
-60,-57,-59,-59,-61,-64,-59,-65,3
-59,-58,-57,-58,-63,-65,-61,-74,3
-60,-59,-57,-59,-62,-67,-61,-73,3
-59,-57,-58,-60,-59,-63,-61,-71,3
-60,-59,-57,-58,-59,-65,-56,-60,3
-58,-57,-56,-59,-59,-65,-61,-63,3
-58,-57,-56,-56,-57,-63,-60,-63,3
-58,-57,-55,-55,-57,-64,-60,-62,3
-57,-55,-67,-60,-55,-53,-57,-62,3
-61,-55,-65,-57,-55,-53,-57,-56,3
-59,-55,-64,-66,-55,-54,-56,-55,3
-57,-55,-62,-65,-56,-53,-58,-54,3
-60,-56,-69,-64,-54,-52,-56,-58,3
-57,-56,-62,-66,-55,-54,-57,-55,3
-57,-56,-65,-65,-55,-55,-56,-57,3
-56,-55,-62,-68,-55,-52,-59,-57,3
-60,-56,-74,-67,-55,-54,-54,-58,3
-58,-56,-66,-65,-58,-53,-58,-58,3
-59,-57,-67,-66,-55,-56,-57,-57,3
-59,-56,-66,-64,-59,-52,-57,-57,3
-59,-54,-67,-64,-55,-55,-56,-56,3
-59,-55,-64,-66,-55,-53,-56,-55,3
-59,-56,-61,-66,-56,-52,-57,-57,3
-60,-55,-65,-66,-56,-54,-58,-57,3
-62,-69,-57,-60,-67,-65,-64,-49,4
-63,-68,-59,-60,-70,-56,-63,-51,4
-63,-69,-56,-59,-74,-60,-63,-50,4
-63,-67,-58,-56,-67,-57,-63,-49,4
-61,-67,-59,-59,-67,-58,-60,-51,4
-61,-75,-58,-57,-66,-56,-63,-47,4
-62,-70,-60,-57,-79,-63,-63,-44,4
-61,-70,-59,-57,-68,-60,-66,-45,4
-61,-67,-59,-58,-76,-60,-67,-47,4
-59,-68,-56,-57,-67,-51,-60,-45,4
-58,-72,-59,-56,-70,-52,-65,-46,4
-59,-70,-57,-53,-65,-53,-64,-46,4
-59,-71,-59,-56,-68,-55,-65,-44,4
-61,-72,-58,-59,-72,-55,-61,-46,4
-58,-68,-60,-59,-65,-55,-61,-44,4
-61,-73,-60,-57,-71,-54,-58,-45,4
-58,-71,-58,-57,-71,-53,-61,-45,4
-59,-73,-57,-57,-72,-52,-59,-46,4
-59,-69,-60,-57,-78,-52,-61,-43,4
-77,-70,-60,-64,-62,-61,-51,-56,4
-65,-81,-59,-62,-66,-62,-50,-50,4
-73,-73,-61,-63,-65,-62,-51,-51,4
-70,-74,-58,-65,-64,-61,-51,-48,4
-73,-70,-60,-66,-64,-62,-49,-52,4
-67,-73,-61,-65,-62,-62,-50,-54,4
-69,-73,-59,-66,-60,-56,-53,-46,4
-68,-72,-65,-64,-60,-65,-51,-54,4
-72,-72,-62,-64,-59,-66,-50,-51,4
-71,-80,-60,-65,-65,-60,-51,-46,4
-68,-69,-62,-64,-60,-72,-50,-52,4
-67,-71,-63,-65,-61,-59,-50,-48,4
-67,-67,-63,-64,-63,-60,-51,-52,4
-67,-68,-64,-64,-58,-58,-50,-51,4
-69,-66,-65,-66,-63,-59,-49,-53,4
-68,-67,-59,-66,-62,-64,-51,-50,4
-66,-68,-64,-64,-60,-64,-50,-52,4
-56,-55,-63,-67,-63,-64,-51,-52,4
-60,-59,-65,-71,-69,-54,-53,-47,4
-59,-60,-65,-66,-56,-62,-52,-48,4
-59,-58,-59,-68,-67,-54,-52,-49,4
-59,-56,-62,-66,-64,-62,-54,-48,4
-60,-54,-63,-65,-65,-66,-51,-49,4
-58,-56,-63,-66,-67,-58,-53,-48,4
-60,-58,-66,-65,-71,-63,-52,-48,4
-60,-59,-65,-66,-65,-56,-53,-50,4
-59,-58,-65,-73,-61,-60,-53,-51,4
-61,-56,-66,-62,-66,-63,-53,-50,4
-54,-58,-64,-67,-65,-60,-53,-50,4
-62,-58,-67,-63,-71,-63,-53,-49,4
-62,-55,-67,-66,-72,-57,-54,-51,4
-61,-68,-60,-56,-62,-53,-52,-48,5
-64,-69,-61,-61,-63,-60,-52,-50,5
-61,-69,-60,-59,-63,-58,-53,-50,5
-63,-67,-60,-59,-75,-59,-52,-50,5
-64,-70,-60,-61,-66,-58,-54,-50,5
-62,-69,-62,-57,-66,-58,-48,-49,5
-61,-70,-62,-60,-65,-58,-52,-49,5
-61,-71,-64,-59,-65,-57,-51,-49,5
-61,-71,-59,-59,-64,-57,-52,-50,5
-61,-74,-62,-58,-65,-59,-52,-51,5
-61,-58,-61,-68,-58,-58,-57,-50,5
-60,-66,-57,-67,-56,-57,-54,-51,5
-65,-63,-57,-68,-57,-56,-59,-52,5
-65,-61,-57,-71,-57,-57,-59,-52,5
-65,-62,-57,-68,-57,-60,-60,-53,5
-65,-61,-57,-72,-58,-57,-60,-51,5
-62,-61,-59,-70,-57,-58,-56,-52,5
-61,-61,-57,-75,-57,-56,-56,-50,5
-66,-60,-57,-70,-59,-56,-55,-60,5
-66,-64,-57,-68,-59,-55,-61,-53,5
-62,-60,-58,-72,-54,-54,-58,-53,5
-63,-63,-58,-62,-58,-57,-58,-50,5
-64,-62,-56,-63,-60,-55,-56,-51,5
-63,-62,-56,-58,-58,-58,-55,-50,5
-64,-71,-55,-61,-61,-56,-55,-60,5
-66,-69,-58,-59,-63,-58,-56,-54,5
-65,-70,-58,-64,-61,-58,-56,-54,5
-63,-66,-57,-59,-60,-56,-57,-59,5
-65,-67,-56,-60,-62,-55,-58,-60,5
-67,-67,-56,-60,-59,-57,-58,-62,5
-66,-67,-57,-61,-60,-55,-57,-58,5
-68,-70,-59,-65,-68,-58,-57,-62,5
-65,-71,-56,-64,-61,-58,-56,-54,5
-66,-68,-57,-57,-61,-59,-56,-59,5
-65,-69,-57,-60,-61,-56,-56,-60,5
-63,-69,-58,-61,-61,-52,-56,-56,5
-68,-71,-59,-58,-60,-56,-54,-54,5
-67,-69,-57,-58,-59,-58,-56,-58,5
-63,-74,-59,-58,-60,-58,-57,-59,5
-64,-64,-64,-70,-65,-57,-57,-57,5
-59,-63,-64,-70,-65,-60,-53,-60,5
-59,-64,-66,-67,-65,-59,-57,-59,5
-57,-65,-63,-68,-68,-55,-55,-57,5
-58,-64,-65,-72,-67,-61,-53,-58,5
-59,-66,-65,-71,-65,-57,-57,-57,5
-59,-66,-63,-71,-65,-59,-54,-55,5
-58,-66,-63,-68,-66,-60,-57,-59,5
-59,-66,-64,-71,-65,-58,-54,-62,5
-59,-62,-64,-69,-63,-60,-54,-56,5
-57,-65,-65,-71,-64,-58,-53,-57,5
-67,-59,-56,-68,-64,-63,-60,-58,6
-60,-56,-60,-60,-64,-61,-60,-58,6
-63,-56,-57,-65,-65,-62,-59,-60,6
-62,-57,-56,-65,-65,-62,-60,-58,6
-63,-73,-57,-59,-64,-57,-59,-59,6
-63,-66,-55,-60,-65,-60,-60,-59,6
-64,-64,-55,-61,-62,-63,-59,-58,6
-64,-67,-55,-60,-63,-64,-58,-59,6
-64,-65,-56,-66,-67,-64,-58,-59,6
-61,-66,-55,-59,-65,-62,-58,-60,6
-62,-68,-57,-59,-63,-60,-59,-59,6
-63,-59,-56,-59,-64,-63,-60,-60,6
-62,-60,-56,-57,-64,-63,-57,-58,6
-59,-56,-63,-66,-59,-64,-63,-54,6
-57,-57,-64,-66,-59,-65,-67,-50,6
-58,-56,-66,-66,-59,-64,-64,-53,6
-57,-55,-60,-66,-61,-65,-63,-55,6
-58,-55,-63,-64,-61,-64,-62,-53,6
-57,-56,-64,-66,-62,-65,-64,-54,6
-57,-56,-60,-68,-60,-61,-63,-55,6
-57,-56,-64,-65,-57,-66,-61,-51,6
-57,-56,-66,-64,-59,-63,-65,-52,6
-56,-56,-65,-64,-60,-63,-64,-54,6
-58,-56,-64,-65,-59,-65,-64,-54,6
-56,-57,-62,-64,-59,-63,-66,-52,6
-57,-56,-63,-63,-58,-64,-67,-54,6
-67,-58,-57,-58,-58,-59,-57,-60,6
-69,-58,-59,-58,-59,-58,-56,-59,6
-67,-58,-59,-62,-57,-60,-55,-58,6
-62,-58,-60,-60,-58,-59,-56,-58,6
-67,-56,-61,-58,-58,-61,-56,-57,6
-62,-57,-57,-60,-60,-62,-54,-59,6
-66,-56,-57,-59,-59,-59,-54,-57,6
-67,-57,-58,-66,-60,-61,-56,-58,6
-66,-57,-58,-58,-60,-62,-55,-54,6
-67,-58,-57,-58,-59,-59,-54,-57,6
-68,-57,-57,-60,-60,-55,-55,-58,6
-66,-57,-59,-61,-60,-62,-55,-56,6
-65,-58,-59,-60,-60,-61,-56,-57,6
-66,-58,-58,-59,-60,-57,-59,-57,6
-70,-58,-55,-55,-59,-61,-58,-52,6
-68,-56,-58,-58,-58,-60,-53,-56,6
-67,-59,-61,-57,-57,-62,-56,-59,6
-67,-60,-59,-58,-60,-60,-55,-59,6
-66,-67,-60,-58,-57,-55,-56,-58,6
-60,-48,-61,-70,-60,-62,-67,-55,6
-61,-48,-62,-70,-59,-59,-66,-56,6
-57,-47,-62,-70,-60,-63,-68,-55,6
-63,-45,-59,-72,-62,-60,-68,-53,6
-69,-48,-63,-67,-62,-59,-70,-55,6
-60,-57,-59,-54,-59,-63,-58,-67,7
-57,-57,-59,-55,-62,-58,-57,-68,7
-59,-58,-59,-57,-61,-62,-58,-68,7
-61,-57,-60,-54,-61,-64,-57,-67,7
-59,-56,-56,-53,-59,-62,-58,-63,7
-57,-56,-57,-52,-57,-62,-56,-65,7
-59,-58,-58,-56,-59,-64,-57,-69,7
-58,-57,-60,-55,-60,-63,-55,-67,7
-56,-57,-58,-55,-59,-59,-57,-68,7
-58,-57,-60,-56,-60,-60,-56,-72,7
-59,-58,-60,-54,-60,-63,-57,-63,7
-59,-58,-60,-56,-58,-59,-56,-62,7
-58,-58,-74,-59,-60,-67,-56,-64,7
-58,-58,-72,-62,-59,-66,-56,-69,7
-58,-58,-67,-60,-59,-68,-56,-69,7
-58,-58,-66,-59,-60,-66,-56,-71,7
-58,-57,-65,-60,-58,-66,-55,-68,7
-58,-56,-63,-57,-60,-67,-56,-71,7
-58,-57,-67,-60,-58,-69,-55,-72,7
-60,-58,-65,-58,-59,-68,-55,-70,7
-58,-58,-70,-59,-58,-66,-54,-64,7
-59,-58,-68,-60,-59,-69,-57,-62,7
-63,-63,-57,-59,-63,-58,-60,-57,7
-69,-60,-59,-57,-62,-59,-65,-57,7
-67,-60,-56,-58,-62,-57,-64,-55,7
-67,-64,-57,-56,-63,-60,-63,-56,7
-66,-63,-57,-59,-62,-59,-61,-55,7
-69,-61,-57,-61,-59,-60,-61,-57,7
-65,-60,-57,-63,-61,-59,-60,-56,7
-69,-60,-58,-65,-60,-62,-63,-57,7
-66,-62,-58,-60,-62,-61,-63,-55,7
-67,-60,-57,-57,-59,-59,-61,-57,7
-68,-61,-58,-60,-63,-63,-61,-56,7
-66,-60,-57,-65,-65,-63,-62,-56,7
-64,-63,-56,-58,-62,-61,-61,-57,7
-68,-59,-57,-59,-65,-58,-60,-53,7
-66,-60,-56,-57,-66,-60,-60,-57,7
-70,-65,-59,-58,-60,-59,-61,-57,7
-67,-61,-57,-59,-64,-62,-60,-54,7
-73,-59,-57,-58,-69,-58,-61,-56,7
-68,-59,-57,-62,-62,-59,-62,-60,7
-58,-62,-59,-57,-59,-63,-57,-62,7
-59,-64,-58,-58,-56,-64,-60,-68,7
-59,-69,-64,-57,-58,-62,-60,-64,7
-58,-69,-58,-57,-56,-62,-59,-62,7
-60,-68,-61,-57,-55,-62,-58,-64,7
-60,-68,-61,-56,-58,-63,-58,-63,7
-60,-69,-60,-57,-56,-64,-58,-63,7
-61,-70,-58,-58,-59,-62,-58,-62,7
-60,-67,-61,-59,-57,-62,-56,-62,7
-68,-63,-58,-55,-60,-55,-52,-59,8
-68,-68,-59,-53,-61,-54,-55,-63,8
-67,-66,-55,-53,-60,-54,-55,-64,8
-67,-64,-57,-54,-59,-55,-54,-65,8
-68,-65,-57,-54,-60,-55,-56,-66,8
-69,-70,-56,-52,-61,-54,-54,-59,8
-70,-67,-57,-51,-59,-55,-53,-62,8
-67,-67,-59,-52,-58,-55,-55,-61,8
-68,-70,-58,-51,-58,-53,-55,-60,8
-67,-67,-58,-51,-59,-54,-56,-63,8
-71,-70,-58,-53,-59,-56,-56,-61,8
-67,-65,-56,-52,-59,-56,-56,-64,8
-58,-58,-56,-58,-61,-57,-56,-65,8
-59,-57,-56,-59,-64,-53,-56,-61,8
-61,-58,-56,-59,-63,-54,-55,-62,8
-59,-57,-56,-60,-62,-52,-56,-64,8
-60,-58,-57,-57,-64,-55,-58,-63,8
-60,-58,-56,-59,-62,-54,-56,-63,8
-59,-57,-56,-62,-62,-55,-57,-62,8
-59,-56,-56,-58,-63,-56,-57,-61,8
-60,-58,-56,-60,-62,-55,-56,-61,8
-60,-56,-57,-60,-65,-55,-56,-63,8
-59,-57,-57,-61,-62,-55,-55,-69,8
-68,-63,-57,-58,-67,-65,-60,-57,8
-70,-67,-58,-58,-67,-71,-60,-57,8
-71,-65,-58,-61,-66,-66,-59,-57,8
-71,-64,-57,-60,-67,-73,-59,-56,8
-69,-66,-57,-57,-64,-71,-59,-57,8
-70,-63,-57,-56,-67,-72,-60,-58,8
-77,-65,-57,-63,-68,-71,-62,-58,8
-71,-63,-62,-57,-67,-68,-65,-52,8
-68,-64,-56,-60,-64,-67,-61,-57,8
-65,-70,-58,-57,-65,-69,-60,-53,8
-67,-64,-55,-56,-69,-68,-62,-60,8
-63,-64,-56,-59,-65,-71,-61,-63,8
-61,-67,-55,-59,-75,-67,-61,-54,8
-61,-67,-56,-60,-73,-64,-61,-55,8
-61,-68,-57,-64,-67,-72,-59,-53,8
-63,-69,-56,-63,-71,-63,-61,-56,8
-61,-70,-57,-62,-75,-65,-62,-52,8
-62,-71,-59,-57,-66,-67,-68,-55,8
-62,-69,-56,-57,-66,-66,-61,-55,8
-61,-69,-57,-61,-65,-68,-60,-55,8
-63,-79,-56,-59,-63,-69,-59,-55,8
-64,-77,-56,-61,-64,-65,-61,-54,8
-67,-57,-70,-60,-64,-64,-65,-61,8
-67,-61,-68,-56,-64,-66,-79,-61,8
-67,-59,-69,-55,-61,-65,-67,-61,8
-67,-62,-72,-58,-62,-75,-66,-61,8
-66,-59,-68,-56,-61,-66,-67,-61,8
-64,-63,-60,-62,-68,-58,-52,-48,9
-62,-57,-59,-63,-76,-58,-55,-49,9
-62,-60,-59,-62,-66,-59,-55,-49,9
-63,-60,-58,-66,-63,-61,-52,-48,9
-64,-60,-58,-63,-65,-58,-54,-49,9
-62,-60,-58,-63,-66,-59,-55,-50,9
-63,-60,-57,-61,-67,-56,-57,-49,9
-62,-60,-58,-68,-66,-59,-54,-48,9
-63,-60,-58,-68,-64,-57,-57,-46,9
-64,-60,-60,-67,-67,-60,-56,-47,9
-64,-60,-59,-67,-68,-60,-55,-52,9
-67,-58,-59,-67,-66,-57,-57,-52,9
-66,-59,-59,-63,-72,-57,-57,-53,9
-69,-62,-58,-64,-64,-56,-56,-53,9
-64,-69,-65,-66,-63,-56,-55,-52,9
-63,-72,-60,-65,-59,-59,-54,-49,9
-63,-69,-65,-64,-63,-58,-55,-54,9
-63,-66,-67,-58,-64,-55,-56,-50,9
-62,-71,-66,-60,-65,-57,-53,-51,9
-61,-68,-64,-59,-64,-55,-54,-53,9
-62,-66,-67,-60,-64,-56,-54,-52,9
-65,-64,-58,-61,-58,-55,-54,-57,9
-66,-63,-58,-59,-57,-55,-54,-59,9
-62,-63,-58,-60,-59,-56,-53,-61,9
-59,-62,-59,-61,-57,-54,-51,-59,9
-60,-61,-60,-60,-57,-55,-50,-63,9
-61,-60,-58,-56,-57,-55,-53,-61,9
-59,-62,-57,-59,-59,-55,-50,-58,9
-60,-59,-58,-59,-59,-56,-51,-61,9
-59,-61,-59,-59,-58,-56,-50,-61,9
-61,-63,-59,-59,-59,-55,-51,-61,9
-61,-62,-57,-56,-58,-55,-50,-61,9
-61,-63,-58,-58,-60,-52,-50,-60,9
-60,-62,-58,-57,-57,-55,-51,-62,9
-60,-63,-58,-59,-60,-54,-51,-62,9
-62,-61,-59,-58,-56,-56,-52,-63,9
-63,-62,-59,-60,-59,-54,-52,-65,9
-60,-62,-59,-59,-58,-57,-52,-64,9
-60,-62,-59,-57,-57,-55,-51,-65,9
-61,-58,-61,-61,-66,-54,-65,-53,9
-60,-60,-60,-62,-68,-51,-72,-51,9
-58,-57,-58,-60,-68,-53,-73,-53,9
-55,-60,-60,-58,-64,-53,-69,-53,9
-56,-58,-61,-62,-65,-53,-68,-53,9
-59,-57,-60,-62,-68,-53,-67,-53,9
-59,-61,-59,-62,-70,-55,-66,-52,9
-58,-56,-56,-60,-69,-52,-66,-52,9
-58,-57,-60,-60,-64,-54,-66,-56,9
-59,-56,-63,-61,-67,-56,-71,-56,9
-59,-56,-65,-61,-66,-52,-67,-56,9
-68,-69,-65,-59,-63,-50,-57,-47,10
-66,-70,-64,-59,-65,-50,-55,-49,10
-68,-70,-64,-58,-67,-51,-55,-49,10
-67,-69,-65,-57,-64,-50,-56,-48,10
-68,-70,-67,-59,-65,-52,-56,-48,10
-71,-68,-60,-60,-63,-51,-57,-49,10
-66,-70,-64,-58,-62,-50,-56,-48,10
-69,-69,-65,-65,-64,-50,-57,-49,10
-69,-71,-65,-58,-64,-50,-59,-48,10
-72,-70,-62,-58,-65,-56,-59,-48,10
-69,-71,-65,-59,-65,-50,-57,-48,10
-62,-71,-70,-57,-62,-46,-58,-52,10
-63,-76,-63,-57,-60,-57,-58,-50,10
-60,-78,-63,-56,-65,-47,-59,-50,10
-58,-76,-61,-61,-62,-50,-56,-50,10
-62,-77,-62,-60,-59,-48,-57,-51,10
-59,-76,-62,-63,-66,-48,-59,-50,10
-60,-75,-62,-56,-62,-48,-59,-50,10
-61,-75,-60,-57,-62,-49,-59,-51,10
-61,-77,-63,-55,-63,-49,-59,-50,10
-61,-77,-62,-58,-63,-49,-59,-50,10
-61,-77,-62,-58,-62,-49,-58,-50,10
-65,-75,-64,-60,-62,-49,-58,-50,10
-62,-73,-66,-59,-60,-48,-58,-51,10
-60,-65,-64,-59,-54,-49,-58,-54,10
-61,-69,-58,-58,-52,-48,-60,-55,10
-60,-70,-60,-58,-57,-49,-58,-58,10
-60,-69,-58,-56,-54,-49,-58,-58,10
-58,-68,-60,-59,-53,-51,-59,-57,10
-61,-72,-60,-57,-53,-51,-59,-56,10
-61,-71,-59,-57,-55,-50,-59,-58,10
-60,-74,-59,-59,-54,-46,-60,-61,10
-60,-71,-62,-54,-56,-48,-64,-58,10
-59,-71,-63,-56,-56,-48,-59,-59,10
-61,-69,-61,-57,-54,-50,-59,-60,10
-62,-69,-60,-56,-56,-51,-63,-60,10
-61,-69,-59,-57,-56,-48,-60,-54,10
-61,-65,-60,-58,-54,-51,-61,-56,10
-64,-66,-59,-58,-53,-52,-60,-58,10
-57,-63,-77,-65,-61,-55,-63,-49,10
-60,-63,-65,-61,-63,-52,-62,-51,10
-60,-62,-68,-61,-59,-51,-63,-51,10
-62,-59,-66,-62,-60,-52,-58,-50,10
-60,-62,-69,-61,-57,-51,-58,-50,10
-59,-61,-69,-60,-58,-53,-58,-50,10
-57,-60,-69,-63,-60,-52,-60,-50,10
-60,-60,-74,-64,-60,-53,-58,-51,10
-59,-64,-69,-64,-58,-52,-59,-52,10
-58,-58,-71,-62,-58,-55,-59,-51,10
-60,-59,-65,-62,-58,-54,-63,-50,10
-72,-52,-52,-64,-65,-60,-60,-71,11
-73,-50,-54,-62,-64,-60,-60,-76,11
-73,-52,-53,-61,-64,-60,-59,-72,11
-73,-54,-53,-60,-65,-60,-61,-75,11
-75,-54,-52,-61,-64,-63,-60,-74,11
-74,-56,-51,-58,-64,-63,-60,-75,11
-73,-52,-52,-58,-64,-61,-62,-70,11
-74,-54,-52,-59,-63,-64,-56,-69,11
-74,-59,-51,-59,-64,-62,-59,-70,11
-75,-54,-52,-58,-63,-62,-61,-68,11
-75,-54,-52,-59,-64,-61,-60,-72,11
-75,-59,-53,-59,-59,-61,-61,-70,11
-75,-55,-51,-62,-63,-58,-59,-70,11
-71,-57,-52,-60,-63,-61,-60,-69,11
-73,-48,-58,-66,-71,-60,-64,-59,11
-73,-52,-58,-66,-70,-63,-64,-58,11
-71,-50,-65,-64,-65,-62,-64,-58,11
-73,-52,-66,-64,-70,-62,-77,-58,11
-70,-50,-63,-65,-68,-63,-64,-58,11
-70,-51,-62,-66,-69,-64,-64,-60,11
-73,-49,-63,-67,-68,-60,-66,-59,11
-74,-49,-62,-69,-67,-64,-62,-60,11
-73,-50,-60,-68,-68,-64,-62,-59,11
-71,-50,-60,-65,-68,-64,-62,-59,11
-76,-52,-60,-66,-67,-62,-61,-60,11
-70,-51,-59,-66,-66,-64,-62,-60,11
-71,-51,-61,-63,-74,-62,-66,-61,11
-73,-50,-61,-66,-67,-62,-60,-60,11
-69,-49,-62,-61,-55,-59,-71,-52,11
-71,-46,-61,-54,-56,-58,-71,-54,11
-66,-47,-63,-55,-54,-57,-71,-54,11
-69,-46,-63,-53,-55,-57,-71,-58,11
-64,-46,-60,-53,-54,-61,-74,-54,11
-68,-47,-59,-53,-56,-55,-71,-57,11
-63,-46,-61,-54,-56,-56,-70,-54,11
-66,-46,-61,-54,-53,-59,-69,-55,11
-67,-50,-59,-53,-56,-56,-68,-55,11
-66,-47,-60,-53,-56,-58,-68,-55,11
-64,-48,-58,-53,-56,-57,-68,-55,11
-67,-48,-64,-54,-56,-56,-66,-55,11
-67,-47,-62,-53,-53,-54,-70,-57,11
-66,-47,-64,-54,-55,-56,-66,-55,11
-67,-47,-63,-52,-57,-59,-69,-55,11
-67,-46,-60,-54,-57,-57,-67,-55,11
-66,-46,-63,-53,-58,-57,-66,-55,11
-67,-51,-63,-56,-57,-57,-68,-55,11
-67,-48,-58,-53,-60,-56,-69,-52,11
-63,-67,-55,-56,-53,-65,-64,-57,11
-64,-67,-56,-59,-54,-64,-60,-57,11
-64,-67,-57,-64,-54,-66,-62,-57,11
-66,-57,-59,-61,-59,-69,-63,-61,12
-67,-56,-58,-63,-60,-67,-64,-66,12
-67,-56,-61,-69,-60,-69,-62,-67,12
-66,-56,-59,-65,-60,-66,-65,-65,12
-66,-56,-55,-57,-63,-65,-67,-63,12
-66,-55,-60,-62,-62,-63,-66,-64,12
-67,-56,-57,-66,-60,-65,-65,-65,12
-67,-57,-58,-60,-62,-66,-65,-65,12
-65,-56,-56,-65,-60,-66,-68,-64,12
-67,-56,-59,-59,-60,-65,-62,-70,12
-64,-56,-59,-65,-62,-64,-59,-66,12
-67,-57,-59,-66,-58,-69,-60,-67,12
-67,-57,-59,-60,-60,-68,-61,-68,12
-67,-56,-59,-67,-64,-69,-64,-67,12
-68,-56,-61,-65,-59,-71,-62,-66,12
-59,-62,-60,-56,-67,-64,-63,-69,12
-62,-62,-61,-58,-64,-59,-64,-63,12
-59,-61,-59,-59,-65,-65,-65,-65,12
-60,-63,-59,-61,-64,-65,-65,-65,12
-57,-64,-60,-57,-59,-64,-67,-65,12
-60,-65,-61,-57,-60,-64,-68,-66,12
-59,-61,-62,-57,-62,-63,-66,-65,12
-61,-60,-61,-55,-65,-64,-65,-65,12
-60,-61,-61,-56,-62,-61,-65,-64,12
-60,-62,-61,-57,-70,-62,-66,-64,12
-60,-62,-62,-54,-68,-61,-65,-65,12
-60,-66,-61,-54,-68,-63,-66,-65,12
-60,-65,-61,-54,-66,-63,-67,-65,12
-61,-64,-61,-55,-68,-62,-64,-66,12
-64,-57,-58,-55,-64,-56,-58,-69,12
-65,-56,-57,-53,-62,-55,-58,-69,12
-62,-56,-58,-54,-60,-55,-59,-68,12
-64,-55,-57,-53,-64,-53,-57,-73,12
-64,-56,-60,-52,-67,-56,-60,-72,12
-61,-59,-58,-52,-67,-57,-60,-72,12
-64,-64,-60,-53,-66,-57,-59,-69,12
-61,-56,-60,-52,-64,-59,-58,-74,12
-63,-56,-59,-52,-67,-57,-58,-74,12
-62,-59,-59,-52,-65,-58,-60,-74,12
-61,-57,-57,-53,-63,-55,-58,-74,12
-63,-58,-57,-51,-64,-57,-61,-75,12
-60,-58,-55,-54,-65,-55,-58,-72,12
-64,-58,-60,-53,-66,-53,-60,-80,12
-62,-59,-59,-54,-68,-56,-59,-75,12
-64,-57,-59,-53,-66,-59,-59,-76,12
-64,-58,-60,-55,-68,-56,-59,-74,12
-74,-68,-59,-64,-58,-64,-56,-67,12
-62,-60,-59,-64,-61,-63,-55,-72,12
-68,-63,-62,-65,-61,-63,-54,-72,12
-68,-62,-68,-65,-63,-63,-56,-70,12
-67,-62,-69,-55,-56,-66,-55,-62,13
-66,-60,-68,-57,-56,-64,-56,-57,13
-64,-63,-66,-55,-59,-63,-52,-60,13
-66,-60,-67,-57,-57,-64,-55,-61,13
-66,-62,-67,-55,-57,-62,-53,-61,13
-65,-64,-63,-56,-57,-59,-52,-61,13
-65,-61,-66,-55,-57,-59,-52,-61,13
-73,-61,-70,-57,-56,-52,-66,-60,13
-65,-65,-65,-57,-56,-52,-67,-58,13
-68,-59,-67,-60,-56,-51,-63,-59,13
-74,-62,-73,-56,-56,-49,-63,-60,13
-75,-62,-69,-58,-57,-52,-67,-59,13
-72,-60,-62,-60,-55,-53,-66,-63,13
-72,-61,-69,-60,-56,-53,-68,-62,13
-80,-63,-65,-57,-57,-52,-66,-61,13
-76,-59,-66,-58,-57,-52,-67,-60,13
-79,-61,-68,-56,-57,-52,-72,-59,13
-76,-62,-64,-56,-57,-52,-69,-59,13
-64,-67,-67,-60,-54,-60,-58,-60,13
-65,-61,-65,-59,-52,-63,-59,-60,13
-65,-62,-67,-62,-52,-69,-59,-57,13
-65,-59,-68,-63,-53,-68,-58,-68,13
-65,-62,-66,-61,-56,-66,-59,-57,13
-64,-67,-66,-62,-53,-63,-56,-58,13
-59,-61,-66,-59,-55,-67,-56,-62,13
-64,-64,-66,-61,-55,-66,-60,-57,13
-66,-64,-65,-60,-54,-62,-59,-63,13
-64,-65,-66,-60,-55,-65,-59,-59,13
-66,-65,-64,-61,-56,-65,-59,-57,13
-65,-67,-65,-61,-54,-65,-56,-59,13
-65,-66,-69,-60,-56,-67,-59,-61,13
-64,-64,-68,-65,-50,-64,-60,-59,13
-64,-62,-67,-64,-52,-66,-58,-56,13
-66,-60,-64,-54,-57,-53,-55,-67,13
-67,-61,-59,-53,-57,-51,-55,-66,13
-67,-62,-59,-52,-55,-54,-57,-65,13
-63,-60,-59,-52,-57,-60,-57,-67,13
-62,-60,-60,-54,-56,-53,-57,-69,13
-66,-61,-60,-53,-58,-54,-57,-69,13
-61,-60,-58,-50,-56,-55,-56,-69,13
-64,-62,-60,-55,-57,-52,-57,-68,13
-64,-61,-61,-53,-55,-54,-57,-67,13
-62,-61,-63,-53,-55,-54,-57,-67,13
-67,-66,-62,-52,-55,-53,-59,-70,13
-68,-60,-58,-52,-56,-53,-58,-67,13
-66,-64,-57,-52,-55,-52,-57,-69,13
-67,-63,-60,-52,-55,-53,-57,-67,13
-65,-65,-60,-52,-58,-50,-57,-68,13
-65,-61,-61,-52,-53,-52,-58,-68,13
-65,-59,-57,-53,-55,-52,-56,-66,13
-65,-66,-57,-59,-62,-54,-57,-57,14
-67,-66,-58,-61,-61,-55,-57,-54,14
-68,-66,-58,-62,-61,-55,-58,-57,14
-67,-65,-59,-59,-60,-53,-57,-56,14
-66,-67,-56,-58,-58,-55,-58,-53,14
-61,-64,-57,-57,-59,-57,-58,-57,14
-62,-69,-59,-58,-55,-54,-58,-56,14
-66,-67,-58,-61,-57,-56,-57,-57,14
-66,-68,-56,-63,-64,-51,-58,-54,14
-66,-66,-56,-61,-65,-52,-55,-52,14
-69,-67,-55,-65,-64,-57,-57,-54,14
-66,-65,-56,-60,-64,-52,-57,-55,14
-64,-68,-55,-61,-65,-54,-57,-54,14
-65,-70,-55,-59,-59,-52,-57,-53,14
-65,-70,-55,-59,-69,-51,-57,-55,14
-65,-70,-56,-60,-66,-52,-58,-56,14
-67,-70,-56,-60,-63,-52,-57,-56,14
-67,-65,-54,-67,-66,-51,-58,-67,14
-67,-63,-55,-61,-69,-53,-59,-56,14
-66,-67,-56,-57,-64,-52,-58,-56,14
-67,-69,-55,-59,-63,-54,-58,-68,14
-63,-64,-57,-58,-60,-58,-64,-59,14
-60,-64,-60,-58,-57,-61,-60,-63,14
-63,-63,-59,-54,-59,-58,-62,-63,14
-61,-64,-70,-57,-57,-58,-64,-62,14
-62,-63,-60,-59,-58,-55,-64,-62,14
-62,-64,-61,-60,-57,-56,-64,-61,14
-63,-65,-59,-60,-60,-59,-64,-63,14
-61,-62,-60,-56,-62,-59,-64,-62,14
-62,-64,-60,-57,-60,-57,-66,-63,14
-63,-64,-61,-63,-55,-55,-64,-63,14
-63,-64,-60,-57,-60,-56,-64,-63,14
-63,-63,-60,-60,-60,-54,-64,-60,14
-61,-63,-58,-62,-59,-59,-65,-62,14
-63,-63,-60,-65,-58,-57,-64,-62,14
-59,-63,-60,-61,-57,-59,-63,-63,14
-67,-69,-61,-59,-60,-51,-63,-60,14
-72,-66,-64,-57,-58,-53,-66,-64,14
-73,-66,-60,-58,-58,-53,-63,-65,14
-69,-64,-63,-58,-59,-51,-59,-66,14
-71,-68,-59,-60,-59,-50,-58,-65,14
-71,-67,-62,-58,-57,-52,-61,-64,14
-69,-67,-64,-55,-56,-52,-63,-61,14
-72,-67,-63,-58,-56,-54,-62,-60,14
-71,-69,-61,-56,-54,-50,-66,-62,14
-71,-66,-61,-57,-58,-50,-58,-63,14
-69,-66,-60,-56,-56,-50,-61,-62,14
-71,-67,-64,-57,-56,-59,-63,-67,14
-70,-66,-62,-59,-55,-51,-65,-67,14
-72,-67,-63,-57,-56,-52,-63,-68,14
-72,-71,-63,-57,-63,-38,-63,-54,15
-66,-66,-66,-57,-58,-40,-61,-54,15
-67,-66,-63,-58,-55,-40,-62,-52,15
-69,-67,-59,-56,-57,-39,-60,-52,15
-71,-66,-65,-57,-55,-39,-60,-52,15
-68,-65,-65,-59,-56,-39,-63,-54,15
-68,-66,-64,-57,-56,-38,-59,-53,15
-69,-67,-64,-61,-58,-40,-60,-57,15
-66,-61,-66,-65,-66,-41,-61,-50,15
-65,-60,-67,-64,-62,-40,-66,-50,15
-65,-62,-66,-61,-66,-40,-64,-52,15
-64,-60,-66,-65,-68,-41,-63,-52,15
-65,-59,-67,-60,-64,-41,-62,-50,15
-66,-61,-66,-65,-61,-40,-61,-52,15
-66,-61,-67,-67,-65,-41,-62,-52,15
-67,-60,-66,-67,-70,-42,-64,-53,15
-64,-61,-66,-66,-69,-42,-64,-52,15
-64,-60,-65,-69,-62,-40,-64,-51,15
-64,-59,-65,-68,-63,-39,-65,-53,15
-65,-64,-67,-71,-63,-41,-64,-50,15
-63,-64,-65,-70,-60,-40,-61,-49,15
-65,-64,-67,-68,-63,-41,-62,-51,15
-64,-63,-66,-73,-59,-41,-68,-52,15
-69,-65,-74,-66,-54,-36,-59,-55,15
-67,-64,-73,-71,-53,-36,-56,-57,15
-69,-62,-67,-69,-56,-37,-55,-58,15
-71,-62,-64,-66,-54,-36,-54,-57,15
-70,-63,-64,-70,-54,-35,-57,-58,15
-70,-63,-63,-65,-55,-35,-57,-59,15
-69,-63,-65,-67,-54,-35,-53,-55,15
-72,-63,-66,-67,-55,-36,-58,-58,15
-71,-64,-63,-72,-51,-35,-56,-54,15
-71,-63,-60,-69,-54,-36,-56,-58,15
-73,-65,-63,-62,-55,-37,-56,-57,15
-72,-64,-60,-68,-54,-36,-56,-56,15
-71,-64,-66,-66,-54,-36,-56,-56,15
-73,-68,-73,-66,-59,-39,-57,-62,15
-75,-67,-67,-63,-58,-38,-66,-53,15
-73,-61,-69,-63,-58,-41,-58,-51,15
-75,-62,-68,-55,-64,-39,-61,-52,15
-77,-62,-67,-58,-57,-41,-54,-52,15
-74,-63,-67,-60,-60,-41,-57,-51,15
-72,-61,-67,-61,-57,-42,-57,-52,15
-74,-61,-67,-64,-58,-41,-53,-52,15
-74,-61,-65,-59,-59,-40,-55,-52,15
-73,-61,-70,-62,-61,-40,-57,-53,15
-76,-62,-71,-58,-59,-39,-56,-52,15
-75,-62,-71,-64,-58,-39,-56,-53,15
-75,-61,-68,-62,-59,-38,-57,-54,15
-77,-61,-67,-62,-59,-39,-56,-51,15
-66,-70,-55,-59,-62,-67,-56,-63,16
-60,-66,-53,-55,-62,-70,-61,-74,16
-64,-61,-52,-65,-61,-66,-58,-67,16
-60,-58,-53,-57,-62,-70,-59,-66,16
-67,-56,-53,-55,-62,-66,-58,-66,16
-66,-59,-55,-55,-61,-67,-58,-67,16
-67,-61,-51,-59,-57,-69,-58,-76,16
-62,-67,-51,-54,-63,-67,-58,-73,16
-60,-64,-52,-57,-61,-68,-57,-75,16
-61,-61,-57,-57,-59,-66,-55,-71,16
-64,-65,-50,-57,-67,-68,-58,-63,16
-70,-62,-49,-55,-66,-66,-62,-62,16
-65,-66,-51,-61,-62,-69,-59,-62,16
-66,-65,-50,-57,-63,-67,-60,-60,16
-68,-64,-51,-57,-63,-71,-60,-65,16
-67,-66,-50,-60,-65,-73,-59,-65,16
-66,-67,-50,-60,-63,-74,-54,-66,16
-67,-62,-50,-58,-66,-73,-60,-66,16
-66,-68,-50,-55,-68,-67,-58,-65,16
-70,-64,-49,-57,-67,-66,-58,-65,16
-63,-70,-49,-57,-62,-73,-59,-66,16
-66,-69,-51,-58,-63,-72,-58,-63,16
-70,-67,-50,-56,-64,-72,-59,-64,16
-69,-61,-57,-62,-55,-55,-57,-72,16
-69,-74,-59,-61,-57,-55,-54,-69,16
-66,-61,-58,-60,-58,-57,-56,-65,16
-65,-62,-57,-62,-56,-56,-56,-63,16
-67,-62,-60,-59,-57,-56,-55,-61,16
-63,-63,-59,-64,-54,-57,-56,-62,16
-67,-61,-61,-64,-57,-56,-57,-62,16
-65,-63,-59,-63,-57,-57,-57,-61,16
-67,-62,-59,-61,-57,-57,-56,-58,16
-64,-63,-58,-60,-57,-54,-55,-57,16
-63,-62,-60,-60,-58,-55,-55,-64,16
-68,-63,-61,-61,-59,-57,-57,-64,16
-64,-62,-58,-61,-64,-53,-59,-64,16
-64,-61,-55,-59,-62,-56,-59,-64,16
-68,-61,-54,-56,-61,-59,-59,-64,16
-68,-63,-53,-58,-70,-55,-55,-58,16
-67,-63,-51,-57,-62,-57,-57,-65,16
-67,-63,-50,-57,-62,-56,-59,-65,16
-70,-67,-50,-54,-59,-58,-59,-67,16
-67,-59,-60,-55,-63,-56,-73,-66,16
-68,-63,-60,-57,-60,-58,-72,-69,16
-65,-70,-60,-58,-63,-56,-68,-68,16
-66,-72,-58,-55,-66,-57,-68,-69,16
-68,-67,-61,-57,-66,-58,-78,-67,16
-65,-67,-57,-56,-65,-59,-69,-68,16
-66,-69,-58,-57,-66,-58,-71,-66,16
-70,-66,-58,-55,-64,-58,-70,-68,16
-64,-58,-51,-54,-65,-69,-55,-63,17
-63,-58,-50,-52,-69,-67,-57,-63,17
-65,-58,-51,-53,-64,-67,-55,-64,17
-61,-59,-51,-53,-66,-68,-56,-64,17
-64,-59,-51,-50,-65,-65,-56,-64,17
-63,-59,-51,-51,-62,-67,-57,-65,17
-62,-60,-51,-52,-63,-66,-57,-69,17
-61,-59,-52,-55,-66,-70,-57,-68,17
-63,-62,-50,-52,-64,-67,-59,-68,17
-70,-64,-61,-53,-56,-55,-65,-63,17
-64,-64,-56,-52,-56,-58,-62,-67,17
-61,-65,-57,-53,-58,-59,-63,-67,17
-61,-66,-57,-55,-60,-59,-62,-67,17
-61,-62,-57,-53,-60,-58,-61,-67,17
-61,-66,-58,-54,-59,-57,-62,-68,17
-61,-63,-58,-56,-71,-58,-61,-77,17
-61,-64,-57,-56,-60,-59,-62,-67,17
-61,-66,-59,-55,-60,-58,-64,-67,17
-61,-67,-57,-55,-59,-58,-62,-68,17
-63,-68,-57,-54,-60,-58,-64,-68,17
-64,-67,-58,-55,-61,-59,-63,-66,17
-62,-67,-59,-55,-60,-58,-63,-66,17
-63,-66,-58,-54,-60,-59,-63,-68,17
-63,-63,-58,-53,-60,-59,-62,-67,17
-61,-60,-56,-55,-61,-60,-67,-66,17
-60,-67,-58,-56,-59,-55,-63,-68,17
-65,-66,-57,-53,-59,-56,-63,-66,17
-64,-63,-60,-56,-60,-50,-66,-70,17
-65,-65,-64,-60,-57,-53,-66,-72,17
-61,-65,-65,-57,-58,-54,-68,-70,17
-64,-63,-66,-57,-58,-55,-63,-69,17
-64,-65,-60,-57,-58,-51,-64,-71,17
-61,-66,-65,-57,-56,-52,-63,-71,17
-62,-65,-63,-58,-56,-51,-64,-61,17
-64,-65,-65,-55,-60,-52,-64,-64,17
-61,-65,-63,-58,-57,-51,-62,-64,17
-64,-65,-60,-58,-55,-52,-55,-65,17
-64,-65,-61,-56,-56,-52,-55,-64,17
-63,-64,-62,-55,-55,-53,-55,-65,17
-60,-66,-63,-59,-55,-52,-55,-64,17
-63,-65,-63,-56,-56,-51,-60,-64,17
-64,-67,-65,-56,-55,-52,-56,-62,17
-64,-65,-63,-65,-55,-51,-55,-64,17
-62,-66,-63,-55,-54,-50,-54,-63,17
-64,-63,-63,-56,-55,-51,-55,-65,17
-64,-66,-60,-52,-55,-50,-54,-64,17
-64,-68,-63,-56,-55,-52,-54,-62,17
-65,-59,-56,-64,-54,-63,-57,-68,17
-62,-62,-55,-61,-55,-58,-55,-69,17
-62,-61,-56,-65,-54,-63,-56,-70,17
-70,-59,-55,-61,-58,-73,-58,-74,18
-70,-60,-55,-64,-62,-75,-58,-68,18
-70,-58,-66,-65,-65,-74,-57,-73,18
-67,-59,-56,-60,-65,-69,-59,-71,18
-68,-59,-56,-62,-60,-78,-60,-68,18
-66,-60,-57,-59,-63,-68,-58,-68,18
-63,-59,-56,-60,-67,-76,-57,-66,18
-66,-61,-56,-65,-63,-74,-56,-67,18
-67,-59,-56,-62,-64,-71,-59,-71,18
-70,-65,-59,-60,-58,-58,-66,-69,18
-72,-64,-61,-60,-56,-60,-67,-69,18
-73,-65,-62,-60,-57,-59,-67,-68,18
-70,-63,-62,-60,-60,-62,-65,-68,18
-71,-64,-57,-59,-58,-62,-64,-66,18
-70,-65,-62,-60,-58,-65,-65,-66,18
-75,-63,-63,-61,-57,-63,-66,-68,18
-71,-64,-61,-62,-58,-59,-66,-66,18
-71,-63,-66,-61,-56,-66,-66,-71,18
-73,-64,-63,-58,-58,-66,-65,-66,18
-74,-74,-65,-55,-51,-55,-68,-60,18
-72,-78,-66,-55,-51,-61,-74,-60,18
-69,-76,-71,-57,-48,-56,-64,-58,18
-69,-74,-70,-59,-52,-55,-61,-58,18
-71,-80,-71,-56,-49,-53,-63,-58,18
-70,-78,-67,-59,-52,-53,-63,-58,18
-71,-81,-66,-58,-51,-53,-63,-56,18
-66,-78,-67,-57,-50,-54,-64,-57,18
-71,-80,-66,-57,-51,-54,-64,-58,18
-66,-83,-65,-60,-52,-54,-64,-58,18
-70,-79,-67,-58,-52,-55,-66,-55,18
-71,-79,-67,-64,-51,-53,-63,-59,18
-70,-76,-70,-56,-52,-54,-65,-58,18
-71,-76,-69,-54,-51,-55,-63,-61,18
-70,-73,-66,-53,-53,-56,-59,-59,18
-69,-73,-67,-53,-52,-56,-64,-57,18
-71,-76,-70,-52,-50,-57,-60,-59,18
-74,-74,-61,-55,-52,-55,-64,-64,18
-67,-72,-63,-54,-52,-55,-66,-59,18
-70,-74,-65,-56,-48,-57,-64,-60,18
-65,-65,-73,-55,-60,-60,-61,-63,18
-65,-64,-73,-52,-62,-59,-60,-63,18
-61,-64,-72,-53,-65,-58,-58,-64,18
-61,-66,-79,-55,-66,-59,-61,-61,18
-63,-64,-71,-56,-64,-58,-65,-62,18
-62,-68,-74,-57,-60,-60,-78,-65,18
-64,-66,-70,-57,-60,-62,-66,-65,18
-62,-66,-69,-53,-60,-60,-66,-63,18
-58,-67,-69,-53,-63,-58,-68,-63,18
-61,-68,-67,-54,-61,-59,-66,-68,18
-60,-70,-66,-56,-60,-57,-67,-67,18
-64,-62,-57,-53,-55,-58,-59,-55,19
-64,-63,-56,-53,-59,-55,-59,-56,19
-61,-66,-56,-51,-57,-58,-59,-56,19
-64,-63,-55,-53,-57,-58,-57,-54,19
-64,-62,-56,-54,-57,-58,-58,-55,19
-64,-66,-57,-53,-57,-58,-58,-55,19
-64,-64,-54,-53,-58,-57,-60,-56,19
-62,-65,-56,-54,-58,-56,-59,-55,19
-66,-66,-56,-54,-60,-56,-60,-56,19
-68,-64,-57,-54,-59,-56,-59,-55,19
-67,-72,-57,-54,-59,-61,-60,-55,19
-60,-64,-56,-51,-60,-49,-65,-64,19
-61,-68,-56,-52,-62,-47,-66,-64,19
-62,-69,-55,-53,-60,-47,-67,-64,19
-62,-71,-57,-51,-63,-47,-65,-63,19
-63,-71,-56,-52,-63,-46,-64,-62,19
-62,-69,-56,-52,-62,-47,-65,-63,19
-62,-69,-55,-52,-58,-47,-62,-64,19
-61,-69,-56,-52,-62,-46,-64,-64,19
-61,-70,-56,-53,-63,-46,-64,-60,19
-62,-70,-56,-53,-63,-47,-63,-63,19
-61,-62,-57,-51,-66,-47,-67,-63,19
-77,-68,-66,-56,-58,-57,-60,-62,19
-71,-78,-66,-55,-56,-59,-60,-65,19
-75,-76,-66,-55,-58,-58,-62,-60,19
-76,-74,-68,-57,-58,-60,-60,-60,19
-74,-72,-67,-56,-57,-59,-63,-59,19
-74,-74,-66,-56,-57,-59,-63,-62,19
-72,-72,-65,-54,-58,-60,-63,-63,19
-76,-74,-65,-55,-55,-61,-62,-63,19
-76,-74,-66,-53,-56,-60,-65,-62,19
-72,-77,-66,-55,-57,-60,-63,-62,19
-78,-74,-66,-54,-56,-58,-63,-63,19
-75,-73,-67,-56,-53,-57,-62,-62,19
-74,-74,-66,-54,-55,-57,-61,-62,19
-72,-75,-65,-56,-56,-58,-61,-61,19
-73,-74,-68,-56,-54,-59,-62,-62,19
-75,-74,-67,-56,-54,-58,-56,-60,19
-74,-80,-66,-65,-55,-56,-63,-60,19
-67,-61,-74,-52,-60,-47,-67,-63,19
-67,-62,-67,-52,-62,-48,-65,-62,19
-67,-68,-66,-52,-61,-48,-65,-64,19
-67,-65,-66,-53,-62,-48,-67,-66,19
-66,-61,-68,-53,-60,-47,-67,-68,19
-71,-60,-77,-53,-64,-48,-67,-65,19
-67,-62,-66,-52,-62,-47,-66,-64,19
-69,-64,-67,-53,-63,-49,-66,-63,19
-69,-59,-66,-53,-65,-47,-65,-66,19
-67,-59,-67,-53,-64,-49,-66,-66,19
-67,-62,-66,-53,-63,-48,-67,-65,19
-61,-62,-62,-65,-49,-62,-57,-53,20
-63,-66,-63,-64,-50,-62,-57,-54,20
-64,-66,-65,-64,-52,-71,-57,-55,20
-63,-68,-65,-57,-51,-72,-57,-54,20
-71,-63,-69,-58,-67,-64,-62,-54,20
-71,-64,-67,-57,-68,-56,-59,-52,20
-81,-63,-70,-57,-65,-57,-60,-52,20
-70,-65,-74,-59,-66,-57,-58,-52,20
-69,-67,-68,-59,-72,-56,-59,-52,20
-69,-65,-68,-57,-62,-60,-60,-53,20
-67,-65,-66,-61,-55,-63,-58,-53,20
-70,-70,-67,-57,-67,-55,-58,-54,20
-70,-66,-67,-54,-67,-58,-58,-51,20
-71,-71,-67,-56,-63,-62,-59,-53,20
-69,-69,-66,-56,-56,-59,-59,-53,20
-69,-71,-72,-59,-63,-61,-59,-53,20
-67,-70,-69,-63,-62,-66,-60,-50,20
-68,-64,-65,-62,-51,-60,-72,-57,20
-70,-67,-63,-61,-52,-55,-65,-59,20
-68,-67,-66,-58,-51,-56,-66,-58,20
-69,-65,-62,-59,-54,-58,-67,-58,20
-70,-66,-67,-60,-56,-56,-66,-59,20
-71,-65,-62,-61,-56,-56,-67,-59,20
-68,-66,-64,-60,-49,-59,-68,-57,20
-69,-64,-64,-60,-54,-52,-68,-53,20
-70,-63,-63,-63,-55,-56,-71,-61,20
-71,-67,-66,-62,-52,-57,-70,-58,20
-63,-64,-64,-60,-53,-59,-69,-57,20
-67,-65,-66,-64,-49,-59,-68,-54,20
-64,-63,-64,-61,-53,-57,-69,-58,20
-69,-65,-62,-61,-48,-55,-69,-55,20
-71,-67,-65,-62,-49,-56,-69,-58,20
-65,-65,-70,-59,-50,-62,-66,-60,20
-64,-63,-73,-57,-51,-69,-67,-65,20
-63,-63,-69,-55,-54,-67,-71,-63,20
-66,-64,-71,-55,-52,-67,-72,-63,20
-65,-64,-72,-56,-51,-65,-67,-63,20
-65,-70,-71,-55,-52,-65,-69,-59,20
-63,-63,-67,-58,-56,-64,-70,-61,20
-64,-64,-69,-57,-53,-65,-67,-62,20
-64,-63,-66,-57,-54,-65,-70,-57,20
-65,-62,-68,-56,-50,-68,-69,-64,20
-66,-64,-68,-57,-51,-66,-69,-63,20
-65,-63,-70,-56,-53,-66,-69,-61,20
-65,-64,-68,-57,-50,-57,-68,-63,20
-64,-64,-70,-54,-49,-62,-67,-62,20
-64,-65,-64,-56,-50,-62,-67,-61,20
-65,-64,-69,-57,-50,-59,-64,-61,20
-70,-62,-47,-55,-68,-58,-66,-63,20
-69,-63,-44,-53,-75,-62,-70,-62,20
-70,-63,-45,-55,-65,-58,-68,-63,21
-69,-64,-47,-55,-68,-58,-75,-62,21
-70,-64,-45,-56,-68,-59,-67,-61,21
-71,-63,-44,-55,-68,-58,-66,-63,21
-73,-65,-45,-56,-68,-58,-68,-62,21
-70,-63,-48,-55,-64,-59,-67,-64,21
-69,-62,-44,-65,-64,-60,-68,-63,21
-69,-62,-43,-56,-66,-59,-71,-62,21
-67,-61,-46,-57,-67,-59,-71,-61,21
-67,-67,-46,-59,-61,-56,-64,-66,21
-67,-64,-46,-60,-59,-56,-62,-65,21
-66,-62,-46,-60,-56,-54,-61,-67,21
-68,-60,-47,-59,-58,-54,-64,-67,21
-67,-64,-47,-61,-58,-52,-64,-65,21
-67,-63,-47,-60,-57,-56,-63,-66,21
-67,-64,-47,-57,-59,-56,-65,-65,21
-67,-64,-48,-61,-60,-56,-62,-64,21
-67,-63,-47,-62,-58,-56,-61,-65,21
-63,-64,-47,-59,-58,-57,-64,-65,21
-66,-64,-47,-59,-59,-56,-63,-64,21
-67,-67,-58,-51,-65,-52,-57,-68,21
-67,-65,-55,-52,-62,-51,-59,-66,21
-66,-67,-55,-51,-65,-50,-59,-67,21
-69,-68,-59,-50,-62,-50,-58,-68,21
-68,-69,-55,-51,-60,-50,-58,-68,21
-62,-67,-57,-50,-59,-50,-57,-68,21
-67,-68,-52,-51,-63,-49,-58,-67,21
-67,-69,-53,-50,-62,-50,-57,-68,21
-66,-67,-54,-50,-66,-51,-58,-68,21
-67,-68,-55,-51,-64,-50,-59,-69,21
-65,-67,-54,-50,-65,-50,-59,-67,21
-65,-68,-55,-50,-66,-50,-57,-68,21
-69,-68,-53,-51,-65,-50,-55,-67,21
-65,-69,-53,-51,-65,-51,-59,-70,21
-67,-70,-58,-51,-66,-50,-59,-68,21
-67,-68,-55,-50,-64,-50,-58,-68,21
-68,-70,-56,-47,-65,-51,-58,-69,21
-76,-71,-55,-53,-63,-56,-68,-63,21
-77,-64,-52,-60,-67,-55,-69,-63,21
-77,-67,-53,-62,-59,-54,-69,-62,21
-75,-68,-52,-60,-61,-56,-72,-57,21
-76,-70,-56,-61,-62,-53,-69,-62,21
-76,-69,-56,-60,-61,-55,-68,-61,21
-74,-69,-55,-64,-62,-55,-78,-57,21
-75,-68,-54,-60,-60,-55,-70,-59,21
-75,-71,-56,-61,-62,-54,-67,-58,21
-76,-67,-54,-60,-58,-55,-70,-59,21
-75,-68,-54,-61,-63,-54,-71,-61,21
-76,-69,-56,-61,-63,-55,-70,-60,21
-77,-69,-56,-58,-62,-55,-71,-61,21
-68,-70,-54,-54,-55,-53,-62,-76,22
-69,-65,-53,-51,-54,-51,-62,-76,22
-69,-68,-52,-52,-54,-55,-59,-67,22
-68,-68,-52,-54,-57,-53,-62,-68,22
-67,-68,-54,-55,-57,-53,-60,-67,22
-70,-63,-52,-59,-57,-55,-60,-67,22
-64,-63,-51,-57,-57,-55,-58,-67,22
-65,-65,-54,-56,-57,-53,-58,-65,22
-65,-64,-52,-53,-55,-53,-57,-63,22
-65,-62,-65,-61,-55,-59,-59,-67,22
-60,-64,-57,-59,-56,-57,-57,-66,22
-62,-62,-61,-61,-57,-59,-60,-71,22
-63,-58,-65,-56,-57,-57,-59,-77,22
-63,-61,-65,-54,-53,-59,-60,-69,22
-64,-62,-65,-56,-57,-59,-54,-71,22
-64,-59,-58,-56,-57,-59,-59,-71,22
-62,-60,-58,-58,-58,-55,-57,-71,22
-63,-63,-67,-60,-56,-56,-59,-67,22
-63,-64,-59,-60,-56,-57,-58,-67,22
-62,-64,-63,-58,-56,-57,-59,-68,22
-65,-63,-61,-53,-55,-57,-57,-70,22
-80,-64,-63,-49,-52,-53,-61,-66,22
-81,-66,-61,-52,-52,-52,-65,-67,22
-78,-67,-60,-53,-51,-51,-61,-66,22
-73,-64,-61,-53,-51,-52,-64,-65,22
-74,-67,-64,-53,-52,-51,-63,-66,22
-72,-66,-63,-51,-52,-52,-62,-66,22
-69,-66,-60,-52,-55,-53,-57,-66,22
-78,-68,-60,-51,-51,-51,-61,-67,22
-81,-66,-60,-49,-53,-53,-60,-69,22
-78,-70,-61,-49,-52,-53,-61,-68,22
-71,-69,-64,-52,-48,-53,-61,-68,22
-75,-68,-61,-50,-50,-54,-61,-68,22
-80,-67,-64,-51,-52,-53,-62,-67,22
-75,-68,-61,-50,-50,-53,-61,-67,22
-81,-68,-62,-53,-48,-51,-62,-68,22
-70,-64,-62,-53,-52,-51,-61,-66,22
-78,-67,-61,-52,-51,-52,-61,-69,22
-79,-64,-59,-51,-52,-53,-59,-67,22
-73,-68,-63,-52,-52,-54,-61,-66,22
-71,-68,-64,-52,-51,-54,-62,-68,22
-73,-65,-63,-51,-50,-51,-62,-68,22
-66,-60,-57,-54,-55,-55,-65,-70,22
-65,-61,-59,-51,-55,-54,-66,-68,22
-66,-64,-60,-52,-55,-57,-63,-68,22
-65,-63,-62,-49,-62,-53,-66,-69,22
-66,-59,-62,-52,-51,-55,-65,-67,22
-65,-60,-60,-56,-54,-54,-64,-67,22
-67,-57,-61,-53,-57,-52,-65,-69,22
-68,-62,-63,-52,-54,-55,-65,-68,22
-65,-57,-71,-45,-60,-64,-67,-68,23
-65,-57,-71,-45,-63,-65,-65,-68,23
-64,-57,-70,-46,-66,-64,-64,-66,23
-68,-59,-72,-46,-64,-63,-65,-67,23
-60,-57,-69,-45,-65,-64,-67,-64,23
-64,-58,-70,-46,-62,-65,-64,-65,23
-65,-58,-66,-46,-64,-66,-65,-65,23
-65,-57,-66,-45,-65,-60,-66,-66,23
-67,-59,-68,-46,-66,-62,-65,-64,23
-65,-61,-70,-45,-67,-60,-63,-62,23
-63,-59,-57,-41,-57,-55,-59,-74,23
-65,-59,-61,-42,-57,-56,-56,-71,23
-65,-59,-60,-41,-56,-55,-57,-71,23
-65,-57,-58,-42,-58,-57,-57,-69,23
-65,-61,-58,-43,-57,-56,-56,-69,23
-65,-60,-59,-42,-56,-55,-55,-69,23
-64,-61,-58,-40,-57,-54,-58,-70,23
-62,-61,-58,-41,-57,-53,-57,-72,23
-61,-61,-59,-42,-60,-57,-58,-69,23
-66,-61,-58,-40,-60,-54,-59,-75,23
-64,-60,-59,-41,-59,-52,-58,-71,23
-64,-57,-58,-39,-58,-57,-59,-74,23
-63,-58,-58,-42,-59,-57,-59,-70,23
-63,-58,-57,-41,-58,-56,-58,-73,23
-63,-57,-57,-39,-59,-54,-57,-70,23
-61,-58,-57,-41,-57,-56,-57,-70,23
-64,-61,-65,-42,-62,-52,-60,-65,23
-62,-60,-65,-43,-66,-57,-60,-67,23
-62,-59,-68,-42,-64,-56,-61,-66,23
-63,-59,-70,-42,-65,-55,-60,-69,23
-62,-59,-68,-42,-64,-54,-61,-65,23
-66,-58,-71,-41,-61,-55,-58,-65,23
-66,-59,-70,-44,-64,-57,-59,-66,23
-66,-58,-69,-45,-59,-56,-63,-66,23
-66,-59,-71,-44,-64,-56,-63,-66,23
-66,-61,-66,-42,-70,-52,-63,-68,23
-65,-58,-64,-41,-63,-55,-64,-66,23
-64,-59,-66,-42,-66,-52,-63,-66,23
-66,-59,-66,-44,-66,-53,-63,-66,23
-66,-59,-62,-41,-64,-55,-61,-65,23
-65,-59,-66,-40,-64,-52,-61,-65,23
-63,-59,-66,-42,-66,-60,-62,-67,23
-63,-58,-67,-44,-78,-54,-59,-68,23
-66,-59,-67,-42,-66,-55,-63,-66,23
-59,-56,-62,-39,-58,-61,-65,-72,23
-62,-57,-61,-36,-52,-60,-64,-73,23
-63,-56,-63,-38,-52,-62,-65,-73,23
-65,-58,-64,-37,-53,-59,-63,-73,23
-61,-55,-63,-35,-52,-59,-65,-73,23
-63,-56,-65,-36,-54,-59,-64,-76,23
-75,-73,-60,-50,-51,-62,-60,-56,24
-75,-69,-60,-49,-55,-59,-58,-57,24
-77,-69,-60,-49,-52,-63,-59,-56,24
-78,-71,-59,-50,-55,-62,-59,-57,24
-80,-69,-58,-49,-54,-62,-60,-56,24
-81,-67,-59,-49,-54,-56,-60,-56,24
-66,-67,-62,-53,-61,-53,-65,-59,24
-67,-66,-61,-53,-62,-61,-64,-62,24
-67,-65,-59,-52,-58,-58,-61,-61,24
-65,-65,-61,-53,-62,-60,-64,-60,24
-66,-64,-60,-54,-68,-57,-63,-59,24
-68,-62,-57,-54,-71,-60,-66,-59,24
-66,-66,-59,-56,-65,-60,-65,-60,24
-71,-63,-59,-52,-65,-59,-61,-60,24
-66,-65,-59,-54,-67,-59,-63,-61,24
-67,-65,-71,-56,-64,-60,-66,-61,24
-67,-65,-60,-55,-65,-54,-66,-60,24
-69,-63,-64,-53,-67,-57,-65,-60,24
-67,-65,-61,-55,-65,-56,-63,-60,24
-67,-64,-62,-57,-66,-55,-63,-63,24
-67,-64,-62,-55,-65,-54,-64,-60,24
-67,-64,-61,-54,-58,-55,-65,-59,24
-79,-71,-64,-53,-53,-62,-57,-66,24
-74,-73,-63,-54,-53,-61,-56,-67,24
-75,-74,-63,-52,-54,-58,-57,-66,24
-76,-73,-62,-51,-52,-58,-58,-64,24
-77,-72,-66,-53,-53,-58,-60,-67,24
-75,-73,-66,-51,-53,-60,-58,-64,24
-72,-73,-65,-53,-52,-56,-60,-65,24
-78,-74,-66,-54,-53,-60,-62,-65,24
-78,-73,-65,-52,-52,-62,-61,-64,24
-74,-73,-65,-53,-53,-61,-61,-67,24
-76,-70,-65,-52,-54,-60,-58,-67,24
-74,-72,-63,-52,-52,-59,-60,-67,24
-74,-71,-66,-51,-52,-59,-58,-67,24
-79,-72,-64,-51,-51,-62,-59,-68,24
-72,-72,-64,-53,-54,-61,-57,-66,24
-74,-73,-66,-51,-54,-58,-58,-68,24
-78,-73,-68,-54,-51,-61,-58,-65,24
-79,-72,-74,-53,-53,-59,-57,-65,24
-65,-54,-61,-53,-54,-64,-62,-65,24
-66,-55,-61,-52,-53,-59,-64,-72,24
-67,-56,-61,-51,-57,-62,-65,-72,24
-63,-54,-60,-52,-58,-62,-64,-75,24
-64,-54,-61,-54,-56,-58,-62,-73,24
-65,-54,-61,-54,-60,-59,-63,-76,24
-66,-54,-62,-54,-58,-61,-65,-72,24
-65,-54,-61,-53,-58,-61,-64,-71,24
-64,-55,-61,-51,-58,-56,-64,-71,24
-66,-54,-60,-52,-57,-59,-63,-70,24
-64,-66,-64,-58,-44,-63,-64,-59,25
-63,-67,-64,-57,-44,-66,-62,-60,25
-64,-69,-63,-59,-44,-70,-62,-55,25
-61,-67,-63,-59,-45,-67,-60,-55,25
-63,-67,-65,-59,-45,-65,-62,-58,25
-63,-67,-62,-60,-44,-66,-65,-57,25
-63,-68,-63,-59,-45,-66,-63,-55,25
-63,-67,-64,-57,-44,-66,-64,-56,25
-62,-69,-62,-57,-43,-64,-62,-59,25
-62,-66,-64,-60,-45,-67,-63,-59,25
-63,-66,-60,-58,-44,-65,-59,-56,25
-63,-68,-63,-56,-43,-65,-63,-58,25
-62,-65,-59,-65,-44,-65,-64,-65,25
-60,-67,-63,-61,-44,-66,-63,-65,25
-60,-67,-59,-63,-45,-66,-61,-61,25
-60,-65,-60,-66,-44,-66,-64,-61,25
-62,-64,-60,-66,-44,-63,-61,-59,25
-59,-65,-68,-73,-47,-65,-64,-61,25
-58,-63,-61,-70,-49,-67,-65,-59,25
-59,-65,-62,-70,-47,-65,-62,-61,25
-57,-63,-61,-71,-44,-66,-62,-62,25
-70,-75,-65,-74,-45,-66,-63,-65,25
-67,-77,-66,-66,-45,-65,-62,-67,25
-66,-81,-67,-69,-51,-65,-74,-67,25
-67,-79,-66,-69,-49,-65,-76,-68,25
-69,-79,-64,-66,-47,-64,-74,-68,25
-68,-77,-65,-65,-48,-65,-71,-68,25
-67,-73,-65,-64,-51,-64,-72,-68,25
-68,-75,-67,-64,-48,-64,-69,-67,25
-69,-76,-68,-66,-48,-66,-74,-66,25
-66,-74,-64,-66,-45,-65,-71,-62,25
-67,-69,-67,-61,-48,-62,-74,-67,25
-64,-75,-68,-65,-49,-64,-68,-66,25
-68,-74,-66,-63,-49,-65,-67,-64,25
-68,-76,-63,-66,-47,-66,-68,-66,25
-69,-79,-65,-65,-52,-66,-69,-69,25
-68,-80,-65,-65,-46,-60,-70,-69,25
-65,-64,-62,-59,-51,-57,-65,-66,25
-67,-63,-62,-57,-48,-59,-64,-68,25
-64,-63,-60,-64,-46,-59,-64,-66,25
-62,-64,-59,-55,-51,-59,-62,-69,25
-63,-59,-60,-58,-49,-61,-68,-68,25
-63,-64,-58,-58,-53,-56,-67,-67,25
-63,-62,-61,-63,-49,-59,-67,-66,25
-62,-65,-59,-57,-49,-57,-66,-67,25
-65,-64,-59,-58,-48,-57,-66,-71,25
-61,-63,-65,-56,-49,-58,-66,-66,25
-62,-64,-70,-56,-49,-57,-66,-67,25
-63,-63,-67,-58,-46,-56,-70,-69,25
-64,-63,-66,-54,-48,-57,-70,-68,25
