0,1,2,3,4,5,6,7,Class
-52.0,-56.0,-58.0,-67.0,-65.0,-64.0,-65.0,-60.0,1
-52.0,-55.0,-56.0,-64.0,-63.0,-67.0,-68.0,-55.0,1
-52.0,-58.0,-57.0,-61.0,-64.0,-66.0,-61.0,-55.0,1
-51.0,-60.0,-56.0,-63.0,-63.0,-65.0,-60.0,-54.0,1
-52.0,-59.0,-56.0,-64.0,-62.0,-77.0,-61.0,-56.0,1
-52.0,-56.0,-56.0,-62.0,-64.0,-67.0,-64.0,-55.0,1
-54.0,-61.0,-57.0,-67.0,-64.0,-67.0,-63.0,-54.0,1
-53.0,-59.0,-56.0,-64.0,-64.0,-66.0,-64.0,-54.0,1
-53.0,-58.0,-58.0,-64.0,-64.0,-71.0,-65.0,-55.0,1
-53.0,-61.0,-58.0,-63.0,-65.0,-66.0,-66.0,-58.0,1
-53.0,-57.0,-57.0,-61.0,-65.0,-66.0,-64.0,-55.0,1
-60.0,-61.0,-68.0,-57.0,-63.0,-62.0,-60.0,-60.0,1
-60.0,-61.0,-69.0,-60.0,-63.0,-62.0,-61.0,-55.0,1
-59.0,-58.0,-66.0,-57.0,-64.0,-62.0,-62.0,-55.0,1
-59.0,-59.0,-68.0,-58.0,-65.0,-62.0,-61.0,-59.0,1
-59.0,-63.0,-66.0,-57.0,-64.0,-63.0,-60.0,-59.0,1
-58.0,-64.0,-66.0,-59.0,-64.0,-60.0,-58.0,-59.0,1
-61.0,-61.0,-68.0,-56.0,-64.0,-62.0,-60.0,-58.0,1
-59.0,-58.0,-68.0,-57.0,-65.0,-62.0,-61.0,-59.0,1
-60.0,-62.0,-68.0,-54.0,-65.0,-61.0,-61.0,-60.0,1
-58.0,-61.0,-67.0,-58.0,-64.0,-62.0,-63.0,-58.0,1
-54.0,-58.0,-63.0,-56.0,-59.0,-64.0,-60.0,-69.0,1
-55.0,-59.0,-61.0,-55.0,-55.0,-54.0,-63.0,-63.0,1
-64.0,-61.0,-61.0,-55.0,-59.0,-59.0,-62.0,-66.0,1
-55.0,-61.0,-57.0,-54.0,-57.0,-59.0,-62.0,-70.0,1
-56.0,-58.0,-60.0,-55.0,-56.0,-59.0,-60.0,-65.0,1
-55.0,-59.0,-60.0,-56.0,-56.0,-59.0,-60.0,-70.0,1
-68.0,-58.0,-60.0,-55.0,-56.0,-58.0,-62.0,-66.0,1
-67.0,-61.0,-59.0,-57.0,-59.0,-59.0,-62.0,-68.0,1
-67.0,-60.0,-58.0,-54.0,-58.0,-60.0,-61.0,-63.0,1
-67.0,-59.0,-57.0,-54.0,-57.0,-61.0,-59.0,-63.0,1
-63.0,-60.0,-58.0,-55.0,-58.0,-61.0,-60.0,-63.0,1
-67.0,-57.0,-57.0,-63.0,-57.0,-62.0,-62.0,-63.0,1
-66.0,-58.0,-56.0,-55.0,-58.0,-61.0,-61.0,-63.0,1
-73.0,-63.0,-60.0,-57.0,-58.0,-61.0,-60.0,-65.0,1
-68.0,-61.0,-59.0,-57.0,-57.0,-59.0,-62.0,-64.0,1
-76.0,-57.0,-57.0,-57.0,-58.0,-58.0,-60.0,-64.0,1
-73.0,-62.0,-60.0,-57.0,-60.0,-57.0,-61.0,-67.0,1
-73.0,-59.0,-60.0,-57.0,-58.0,-66.0,-61.0,-64.0,1
-65.0,-55.0,-59.0,-59.0,-66.0,-58.0,-60.0,-50.0,1
-61.0,-54.0,-57.0,-62.0,-64.0,-57.0,-60.0,-50.0,1
-60.0,-55.0,-58.0,-63.0,-63.0,-56.0,-59.0,-52.0,1
-60.0,-55.0,-56.0,-60.0,-65.0,-55.0,-60.0,-50.0,1
-60.0,-54.0,-59.0,-61.0,-66.0,-56.0,-61.0,-53.0,1
-61.0,-54.0,-59.0,-59.0,-66.0,-56.0,-62.0,-53.0,1
-61.0,-56.0,-58.0,-60.0,-65.0,-56.0,-64.0,-50.0,1
-60.0,-55.0,-60.0,-58.0,-65.0,-56.0,-61.0,-50.0,1
-64.0,-56.0,-59.0,-61.0,-64.0,-57.0,-63.0,-49.0,1
-65.0,-56.0,-58.0,-59.0,-64.0,-55.0,-61.0,-51.0,1
-66.0,-56.0,-59.0,-56.0,-64.0,-55.0,-61.0,-51.0,1
-58.0,-56.0,-59.0,-60.0,-69.0,-56.0,-64.0,-51.0,1
-63.0,-55.0,-60.0,-61.0,-65.0,-56.0,-60.0,-51.0,1
-63.0,-54.0,-59.0,-57.0,-63.0,-57.0,-61.0,-52.0,1
-61.0,-54.0,-59.0,-60.0,-66.0,-56.0,-63.0,-52.0,1
-61.0,-53.0,-59.0,-61.0,-65.0,-55.0,-61.0,-52.0,1
-59.0,-53.0,-57.0,-60.0,-65.0,-56.0,-61.0,-52.0,1
-55.0,-63.0,-55.0,-57.0,-63.0,-57.0,-57.0,-50.0,1
-52.0,-61.0,-55.0,-56.0,-58.0,-58.0,-58.0,-48.0,2
-55.0,-61.0,-56.0,-55.0,-62.0,-56.0,-58.0,-59.0,2
-56.0,-65.0,-55.0,-58.0,-62.0,-54.0,-60.0,-49.0,2
-55.0,-65.0,-55.0,-55.0,-59.0,-52.0,-57.0,-51.0,2
-53.0,-62.0,-54.0,-56.0,-59.0,-55.0,-58.0,-49.0,2
-53.0,-64.0,-54.0,-56.0,-59.0,-58.0,-56.0,-50.0,2
-53.0,-62.0,-54.0,-55.0,-59.0,-59.0,-57.0,-49.0,2
-53.0,-63.0,-55.0,-57.0,-59.0,-57.0,-57.0,-49.0,2
-65.0,-60.0,-64.0,-61.0,-62.0,-54.0,-56.0,-54.0,2
-58.0,-58.0,-66.0,-60.0,-63.0,-54.0,-56.0,-52.0,2
-62.0,-60.0,-66.0,-59.0,-61.0,-52.0,-57.0,-52.0,2
-62.0,-56.0,-65.0,-63.0,-62.0,-54.0,-58.0,-51.0,2
-62.0,-59.0,-64.0,-60.0,-64.0,-54.0,-59.0,-52.0,2
-62.0,-60.0,-67.0,-62.0,-64.0,-55.0,-57.0,-52.0,2
-63.0,-59.0,-66.0,-59.0,-64.0,-54.0,-57.0,-52.0,2
-63.0,-59.0,-65.0,-61.0,-63.0,-54.0,-57.0,-50.0,2
-62.0,-58.0,-63.0,-60.0,-64.0,-54.0,-57.0,-52.0,2
-63.0,-60.0,-70.0,-61.0,-64.0,-53.0,-57.0,-52.0,2
-60.0,-59.0,-67.0,-60.0,-64.0,-52.0,-57.0,-52.0,2
-60.0,-62.0,-56.0,-56.0,-68.0,-54.0,-59.0,-49.0,2
-56.0,-63.0,-57.0,-57.0,-68.0,-54.0,-60.0,-49.0,2
-58.0,-66.0,-55.0,-56.0,-69.0,-55.0,-64.0,-48.0,2
-57.0,-62.0,-54.0,-58.0,-73.0,-55.0,-63.0,-48.0,2
-56.0,-63.0,-55.0,-59.0,-65.0,-55.0,-62.0,-47.0,2
-57.0,-65.0,-55.0,-58.0,-69.0,-54.0,-61.0,-49.0,2
-65.0,-61.0,-55.0,-58.0,-68.0,-56.0,-64.0,-49.0,2
-64.0,-62.0,-55.0,-57.0,-65.0,-55.0,-62.0,-47.0,2
-62.0,-61.0,-55.0,-59.0,-64.0,-54.0,-60.0,-47.0,2
-64.0,-60.0,-56.0,-57.0,-65.0,-54.0,-62.0,-50.0,2
-63.0,-62.0,-56.0,-57.0,-64.0,-57.0,-60.0,-49.0,2
-62.0,-63.0,-57.0,-58.0,-64.0,-55.0,-60.0,-50.0,2
-58.0,-61.0,-56.0,-58.0,-70.0,-54.0,-62.0,-51.0,2
-56.0,-63.0,-55.0,-55.0,-63.0,-55.0,-61.0,-50.0,2
-57.0,-60.0,-55.0,-56.0,-65.0,-55.0,-61.0,-50.0,2
-58.0,-62.0,-56.0,-61.0,-65.0,-54.0,-60.0,-50.0,2
-56.0,-57.0,-56.0,-69.0,-63.0,-53.0,-64.0,-53.0,2
-57.0,-56.0,-56.0,-64.0,-62.0,-53.0,-65.0,-53.0,2
-54.0,-59.0,-57.0,-65.0,-64.0,-55.0,-66.0,-52.0,2
-56.0,-58.0,-57.0,-63.0,-64.0,-56.0,-68.0,-53.0,2
-56.0,-57.0,-57.0,-64.0,-64.0,-56.0,-66.0,-52.0,2
-59.0,-57.0,-56.0,-63.0,-62.0,-52.0,-66.0,-52.0,2
-56.0,-57.0,-56.0,-63.0,-62.0,-55.0,-77.0,-53.0,2
-56.0,-55.0,-55.0,-67.0,-62.0,-54.0,-69.0,-53.0,2
-56.0,-57.0,-55.0,-64.0,-63.0,-54.0,-65.0,-52.0,2
-56.0,-59.0,-56.0,-63.0,-63.0,-54.0,-62.0,-53.0,2
-56.0,-62.0,-55.0,-62.0,-64.0,-54.0,-66.0,-52.0,2
-56.0,-60.0,-55.0,-65.0,-63.0,-55.0,-67.0,-53.0,2
-54.0,-59.0,-54.0,-65.0,-64.0,-54.0,-65.0,-53.0,2
-55.0,-59.0,-56.0,-63.0,-62.0,-55.0,-64.0,-51.0,2
-54.0,-60.0,-55.0,-64.0,-62.0,-56.0,-65.0,-53.0,2
-55.0,-61.0,-55.0,-66.0,-63.0,-55.0,-66.0,-52.0,2
-56.0,-61.0,-54.0,-67.0,-60.0,-56.0,-65.0,-53.0,2
-55.0,-60.0,-54.0,-66.0,-62.0,-54.0,-68.0,-52.0,2
-55.0,-60.0,-55.0,-65.0,-60.0,-54.0,-66.0,-53.0,2
-54.0,-71.0,-55.0,-65.0,-59.0,-54.0,-66.0,-53.0,2
-55.0,-64.0,-55.0,-65.0,-60.0,-56.0,-66.0,-53.0,2
-61.0,-60.0,-52.0,-70.0,-57.0,-62.0,-55.0,-65.0,2
-61.0,-58.0,-53.0,-70.0,-56.0,-60.0,-57.0,-69.0,3
-61.0,-62.0,-52.0,-66.0,-57.0,-58.0,-56.0,-70.0,3
-61.0,-60.0,-51.0,-66.0,-60.0,-61.0,-55.0,-69.0,3
-61.0,-61.0,-51.0,-65.0,-59.0,-59.0,-56.0,-73.0,3
-61.0,-56.0,-52.0,-70.0,-58.0,-60.0,-57.0,-68.0,3
-65.0,-66.0,-55.0,-64.0,-65.0,-59.0,-61.0,-67.0,3
-63.0,-64.0,-56.0,-62.0,-62.0,-58.0,-64.0,-62.0,3
-62.0,-66.0,-57.0,-61.0,-65.0,-56.0,-61.0,-62.0,3
-64.0,-68.0,-56.0,-62.0,-62.0,-57.0,-61.0,-62.0,3
-72.0,-66.0,-57.0,-62.0,-62.0,-57.0,-61.0,-66.0,3
-66.0,-67.0,-56.0,-67.0,-72.0,-58.0,-61.0,-65.0,3
-67.0,-66.0,-56.0,-64.0,-65.0,-58.0,-62.0,-66.0,3
-66.0,-69.0,-58.0,-64.0,-63.0,-58.0,-61.0,-66.0,3
-65.0,-67.0,-55.0,-65.0,-64.0,-59.0,-60.0,-64.0,3
-66.0,-66.0,-56.0,-62.0,-67.0,-59.0,-61.0,-66.0,3
-58.0,-60.0,-56.0,-59.0,-60.0,-66.0,-64.0,-67.0,3
-58.0,-58.0,-58.0,-60.0,-64.0,-66.0,-62.0,-70.0,3
-59.0,-55.0,-58.0,-61.0,-66.0,-67.0,-59.0,-74.0,3
-60.0,-59.0,-58.0,-60.0,-67.0,-67.0,-60.0,-74.0,3
-59.0,-58.0,-57.0,-59.0,-66.0,-65.0,-60.0,-70.0,3
-60.0,-56.0,-57.0,-57.0,-62.0,-65.0,-60.0,-66.0,3
-60.0,-56.0,-56.0,-59.0,-63.0,-64.0,-60.0,-70.0,3
-58.0,-58.0,-59.0,-57.0,-63.0,-64.0,-59.0,-63.0,3
-60.0,-58.0,-57.0,-57.0,-63.0,-66.0,-59.0,-66.0,3
-59.0,-58.0,-56.0,-60.0,-63.0,-65.0,-60.0,-66.0,3
-60.0,-59.0,-56.0,-57.0,-62.0,-65.0,-60.0,-69.0,3
-60.0,-57.0,-59.0,-59.0,-61.0,-64.0,-59.0,-65.0,3
-59.0,-58.0,-57.0,-58.0,-63.0,-65.0,-61.0,-74.0,3
-60.0,-59.0,-57.0,-59.0,-62.0,-67.0,-61.0,-73.0,3
-59.0,-57.0,-58.0,-60.0,-59.0,-63.0,-61.0,-71.0,3
-60.0,-59.0,-57.0,-58.0,-59.0,-65.0,-56.0,-60.0,3
-58.0,-57.0,-56.0,-59.0,-59.0,-65.0,-61.0,-63.0,3
-58.0,-57.0,-56.0,-56.0,-57.0,-63.0,-60.0,-63.0,3
-58.0,-57.0,-55.0,-55.0,-57.0,-64.0,-60.0,-62.0,3
-57.0,-55.0,-67.0,-60.0,-55.0,-53.0,-57.0,-62.0,3
-61.0,-55.0,-65.0,-57.0,-55.0,-53.0,-57.0,-56.0,3
-59.0,-55.0,-64.0,-66.0,-55.0,-54.0,-56.0,-55.0,3
-57.0,-55.0,-62.0,-65.0,-56.0,-53.0,-58.0,-54.0,3
-60.0,-56.0,-69.0,-64.0,-54.0,-52.0,-56.0,-58.0,3
-57.0,-56.0,-62.0,-66.0,-55.0,-54.0,-57.0,-55.0,3
-57.0,-56.0,-65.0,-65.0,-55.0,-55.0,-56.0,-57.0,3
-56.0,-55.0,-62.0,-68.0,-55.0,-52.0,-59.0,-57.0,3
-60.0,-56.0,-74.0,-67.0,-55.0,-54.0,-54.0,-58.0,3
-58.0,-56.0,-66.0,-65.0,-58.0,-53.0,-58.0,-58.0,3
-59.0,-57.0,-67.0,-66.0,-55.0,-56.0,-57.0,-57.0,3
-59.0,-56.0,-66.0,-64.0,-59.0,-52.0,-57.0,-57.0,3
-59.0,-54.0,-67.0,-64.0,-55.0,-55.0,-56.0,-56.0,3
-59.0,-55.0,-64.0,-66.0,-55.0,-53.0,-56.0,-55.0,3
-59.0,-56.0,-61.0,-66.0,-56.0,-52.0,-57.0,-57.0,3
-60.0,-55.0,-65.0,-66.0,-56.0,-54.0,-58.0,-57.0,3
-59.0,-64.0,-58.0,-60.0,-66.0,-64.0,-65.0,-52.0,3
-62.0,-69.0,-57.0,-60.0,-67.0,-65.0,-64.0,-49.0,4
-63.0,-68.0,-59.0,-60.0,-70.0,-56.0,-63.0,-51.0,4
-63.0,-69.0,-56.0,-59.0,-74.0,-60.0,-63.0,-50.0,4
-63.0,-67.0,-58.0,-56.0,-67.0,-57.0,-63.0,-49.0,4
-61.0,-67.0,-59.0,-59.0,-67.0,-58.0,-60.0,-51.0,4
-61.0,-75.0,-58.0,-57.0,-66.0,-56.0,-63.0,-47.0,4
-62.0,-70.0,-60.0,-57.0,-79.0,-63.0,-63.0,-44.0,4
-61.0,-70.0,-59.0,-57.0,-68.0,-60.0,-66.0,-45.0,4
-61.0,-67.0,-59.0,-58.0,-76.0,-60.0,-67.0,-47.0,4
-59.0,-68.0,-56.0,-57.0,-67.0,-51.0,-60.0,-45.0,4
-58.0,-72.0,-59.0,-56.0,-70.0,-52.0,-65.0,-46.0,4
-59.0,-70.0,-57.0,-53.0,-65.0,-53.0,-64.0,-46.0,4
-59.0,-71.0,-59.0,-56.0,-68.0,-55.0,-65.0,-44.0,4
-61.0,-72.0,-58.0,-59.0,-72.0,-55.0,-61.0,-46.0,4
-58.0,-68.0,-60.0,-59.0,-65.0,-55.0,-61.0,-44.0,4
-61.0,-73.0,-60.0,-57.0,-71.0,-54.0,-58.0,-45.0,4
-58.0,-71.0,-58.0,-57.0,-71.0,-53.0,-61.0,-45.0,4
-59.0,-73.0,-57.0,-57.0,-72.0,-52.0,-59.0,-46.0,4
-59.0,-69.0,-60.0,-57.0,-78.0,-52.0,-61.0,-43.0,4
-77.0,-70.0,-60.0,-64.0,-62.0,-61.0,-51.0,-56.0,4
-65.0,-81.0,-59.0,-62.0,-66.0,-62.0,-50.0,-50.0,4
-73.0,-73.0,-61.0,-63.0,-65.0,-62.0,-51.0,-51.0,4
-70.0,-74.0,-58.0,-65.0,-64.0,-61.0,-51.0,-48.0,4
-73.0,-70.0,-60.0,-66.0,-64.0,-62.0,-49.0,-52.0,4
-67.0,-73.0,-61.0,-65.0,-62.0,-62.0,-50.0,-54.0,4
-69.0,-73.0,-59.0,-66.0,-60.0,-56.0,-53.0,-46.0,4
-68.0,-72.0,-65.0,-64.0,-60.0,-65.0,-51.0,-54.0,4
-72.0,-72.0,-62.0,-64.0,-59.0,-66.0,-50.0,-51.0,4
-71.0,-80.0,-60.0,-65.0,-65.0,-60.0,-51.0,-46.0,4
-68.0,-69.0,-62.0,-64.0,-60.0,-72.0,-50.0,-52.0,4
-67.0,-71.0,-63.0,-65.0,-61.0,-59.0,-50.0,-48.0,4
-67.0,-67.0,-63.0,-64.0,-63.0,-60.0,-51.0,-52.0,4
-67.0,-68.0,-64.0,-64.0,-58.0,-58.0,-50.0,-51.0,4
-69.0,-66.0,-65.0,-66.0,-63.0,-59.0,-49.0,-53.0,4
-68.0,-67.0,-59.0,-66.0,-62.0,-64.0,-51.0,-50.0,4
-66.0,-68.0,-64.0,-64.0,-60.0,-64.0,-50.0,-52.0,4
-56.0,-55.0,-63.0,-67.0,-63.0,-64.0,-51.0,-52.0,4
-60.0,-59.0,-65.0,-71.0,-69.0,-54.0,-53.0,-47.0,4
-59.0,-60.0,-65.0,-66.0,-56.0,-62.0,-52.0,-48.0,4
-59.0,-58.0,-59.0,-68.0,-67.0,-54.0,-52.0,-49.0,4
-59.0,-56.0,-62.0,-66.0,-64.0,-62.0,-54.0,-48.0,4
-60.0,-54.0,-63.0,-65.0,-65.0,-66.0,-51.0,-49.0,4
-58.0,-56.0,-63.0,-66.0,-67.0,-58.0,-53.0,-48.0,4
-60.0,-58.0,-66.0,-65.0,-71.0,-63.0,-52.0,-48.0,4
-60.0,-59.0,-65.0,-66.0,-65.0,-56.0,-53.0,-50.0,4
-59.0,-58.0,-65.0,-73.0,-61.0,-60.0,-53.0,-51.0,4
-61.0,-56.0,-66.0,-62.0,-66.0,-63.0,-53.0,-50.0,4
-54.0,-58.0,-64.0,-67.0,-65.0,-60.0,-53.0,-50.0,4
-62.0,-58.0,-67.0,-63.0,-71.0,-63.0,-53.0,-49.0,4
-62.0,-55.0,-67.0,-66.0,-72.0,-57.0,-54.0,-51.0,4
-60.0,-57.0,-67.0,-67.0,-70.0,-64.0,-55.0,-50.0,4
-63.0,-59.0,-62.0,-68.0,-67.0,-66.0,-53.0,-52.0,4
-58.0,-58.0,-66.0,-65.0,-58.0,-55.0,-54.0,-50.0,4
-62.0,-58.0,-68.0,-66.0,-66.0,-56.0,-54.0,-49.0,4
-62.0,-58.0,-66.0,-65.0,-73.0,-64.0,-60.0,-50.0,4
-62.0,-60.0,-66.0,-65.0,-70.0,-57.0,-53.0,-48.0,4
-61.0,-58.0,-64.0,-62.0,-65.0,-57.0,-53.0,-49.0,4
-61.0,-67.0,-59.0,-57.0,-63.0,-63.0,-52.0,-50.0,4
-61.0,-68.0,-60.0,-56.0,-62.0,-53.0,-52.0,-48.0,5
-64.0,-69.0,-61.0,-61.0,-63.0,-60.0,-52.0,-50.0,5
-61.0,-69.0,-60.0,-59.0,-63.0,-58.0,-53.0,-50.0,5
-63.0,-67.0,-60.0,-59.0,-75.0,-59.0,-52.0,-50.0,5
-64.0,-70.0,-60.0,-61.0,-66.0,-58.0,-54.0,-50.0,5
-62.0,-69.0,-62.0,-57.0,-66.0,-58.0,-48.0,-49.0,5
-61.0,-70.0,-62.0,-60.0,-65.0,-58.0,-52.0,-49.0,5
-61.0,-71.0,-64.0,-59.0,-65.0,-57.0,-51.0,-49.0,5
-61.0,-71.0,-59.0,-59.0,-64.0,-57.0,-52.0,-50.0,5
-61.0,-74.0,-62.0,-58.0,-65.0,-59.0,-52.0,-51.0,5
-61.0,-58.0,-61.0,-68.0,-58.0,-58.0,-57.0,-50.0,5
-60.0,-66.0,-57.0,-67.0,-56.0,-57.0,-54.0,-51.0,5
-65.0,-63.0,-57.0,-68.0,-57.0,-56.0,-59.0,-52.0,5
-65.0,-61.0,-57.0,-71.0,-57.0,-57.0,-59.0,-52.0,5
-65.0,-62.0,-57.0,-68.0,-57.0,-60.0,-60.0,-53.0,5
-65.0,-61.0,-57.0,-72.0,-58.0,-57.0,-60.0,-51.0,5
-62.0,-61.0,-59.0,-70.0,-57.0,-58.0,-56.0,-52.0,5
-61.0,-61.0,-57.0,-75.0,-57.0,-56.0,-56.0,-50.0,5
-66.0,-60.0,-57.0,-70.0,-59.0,-56.0,-55.0,-60.0,5
-66.0,-64.0,-57.0,-68.0,-59.0,-55.0,-61.0,-53.0,5
-62.0,-60.0,-58.0,-72.0,-54.0,-54.0,-58.0,-53.0,5
-63.0,-63.0,-58.0,-62.0,-58.0,-57.0,-58.0,-50.0,5
-64.0,-62.0,-56.0,-63.0,-60.0,-55.0,-56.0,-51.0,5
-63.0,-62.0,-56.0,-58.0,-58.0,-58.0,-55.0,-50.0,5
-64.0,-71.0,-55.0,-61.0,-61.0,-56.0,-55.0,-60.0,5
-66.0,-69.0,-58.0,-59.0,-63.0,-58.0,-56.0,-54.0,5
-65.0,-70.0,-58.0,-64.0,-61.0,-58.0,-56.0,-54.0,5
-63.0,-66.0,-57.0,-59.0,-60.0,-56.0,-57.0,-59.0,5
-65.0,-67.0,-56.0,-60.0,-62.0,-55.0,-58.0,-60.0,5
-67.0,-67.0,-56.0,-60.0,-59.0,-57.0,-58.0,-62.0,5
-66.0,-67.0,-57.0,-61.0,-60.0,-55.0,-57.0,-58.0,5
-68.0,-70.0,-59.0,-65.0,-68.0,-58.0,-57.0,-62.0,5
-65.0,-71.0,-56.0,-64.0,-61.0,-58.0,-56.0,-54.0,5
-66.0,-68.0,-57.0,-57.0,-61.0,-59.0,-56.0,-59.0,5
-65.0,-69.0,-57.0,-60.0,-61.0,-56.0,-56.0,-60.0,5
-63.0,-69.0,-58.0,-61.0,-61.0,-52.0,-56.0,-56.0,5
-68.0,-71.0,-59.0,-58.0,-60.0,-56.0,-54.0,-54.0,5
-67.0,-69.0,-57.0,-58.0,-59.0,-58.0,-56.0,-58.0,5
-63.0,-74.0,-59.0,-58.0,-60.0,-58.0,-57.0,-59.0,5
-64.0,-64.0,-64.0,-70.0,-65.0,-57.0,-57.0,-57.0,5
-59.0,-63.0,-64.0,-70.0,-65.0,-60.0,-53.0,-60.0,5
-59.0,-64.0,-66.0,-67.0,-65.0,-59.0,-57.0,-59.0,5
-57.0,-65.0,-63.0,-68.0,-68.0,-55.0,-55.0,-57.0,5
-58.0,-64.0,-65.0,-72.0,-67.0,-61.0,-53.0,-58.0,5
-59.0,-66.0,-65.0,-71.0,-65.0,-57.0,-57.0,-57.0,5
-59.0,-66.0,-63.0,-71.0,-65.0,-59.0,-54.0,-55.0,5
-58.0,-66.0,-63.0,-68.0,-66.0,-60.0,-57.0,-59.0,5
-59.0,-66.0,-64.0,-71.0,-65.0,-58.0,-54.0,-62.0,5
-59.0,-62.0,-64.0,-69.0,-63.0,-60.0,-54.0,-56.0,5
-57.0,-65.0,-65.0,-71.0,-64.0,-58.0,-53.0,-57.0,5
-62.0,-67.0,-66.0,-67.0,-65.0,-61.0,-56.0,-60.0,5
-60.0,-64.0,-64.0,-66.0,-66.0,-59.0,-57.0,-54.0,5
-58.0,-66.0,-66.0,-68.0,-64.0,-56.0,-54.0,-57.0,5
-59.0,-66.0,-64.0,-69.0,-63.0,-57.0,-54.0,-51.0,5
-57.0,-65.0,-62.0,-69.0,-66.0,-59.0,-53.0,-54.0,5
-58.0,-64.0,-62.0,-67.0,-64.0,-59.0,-55.0,-57.0,5
-56.0,-64.0,-64.0,-68.0,-62.0,-60.0,-54.0,-55.0,5
-60.0,-63.0,-76.0,-70.0,-65.0,-55.0,-55.0,-57.0,5
-63.0,-61.0,-55.0,-63.0,-65.0,-65.0,-60.0,-56.0,5
-67.0,-59.0,-56.0,-68.0,-64.0,-63.0,-60.0,-58.0,6
-60.0,-56.0,-60.0,-60.0,-64.0,-61.0,-60.0,-58.0,6
-63.0,-56.0,-57.0,-65.0,-65.0,-62.0,-59.0,-60.0,6
-62.0,-57.0,-56.0,-65.0,-65.0,-62.0,-60.0,-58.0,6
-63.0,-73.0,-57.0,-59.0,-64.0,-57.0,-59.0,-59.0,6
-63.0,-66.0,-55.0,-60.0,-65.0,-60.0,-60.0,-59.0,6
-64.0,-64.0,-55.0,-61.0,-62.0,-63.0,-59.0,-58.0,6
-64.0,-67.0,-55.0,-60.0,-63.0,-64.0,-58.0,-59.0,6
-64.0,-65.0,-56.0,-66.0,-67.0,-64.0,-58.0,-59.0,6
-61.0,-66.0,-55.0,-59.0,-65.0,-62.0,-58.0,-60.0,6
-62.0,-68.0,-57.0,-59.0,-63.0,-60.0,-59.0,-59.0,6
-63.0,-59.0,-56.0,-59.0,-64.0,-63.0,-60.0,-60.0,6
-62.0,-60.0,-56.0,-57.0,-64.0,-63.0,-57.0,-58.0,6
-59.0,-56.0,-63.0,-66.0,-59.0,-64.0,-63.0,-54.0,6
-57.0,-57.0,-64.0,-66.0,-59.0,-65.0,-67.0,-50.0,6
-58.0,-56.0,-66.0,-66.0,-59.0,-64.0,-64.0,-53.0,6
-57.0,-55.0,-60.0,-66.0,-61.0,-65.0,-63.0,-55.0,6
-58.0,-55.0,-63.0,-64.0,-61.0,-64.0,-62.0,-53.0,6
-57.0,-56.0,-64.0,-66.0,-62.0,-65.0,-64.0,-54.0,6
-57.0,-56.0,-60.0,-68.0,-60.0,-61.0,-63.0,-55.0,6
-57.0,-56.0,-64.0,-65.0,-57.0,-66.0,-61.0,-51.0,6
-57.0,-56.0,-66.0,-64.0,-59.0,-63.0,-65.0,-52.0,6
-56.0,-56.0,-65.0,-64.0,-60.0,-63.0,-64.0,-54.0,6
-58.0,-56.0,-64.0,-65.0,-59.0,-65.0,-64.0,-54.0,6
-56.0,-57.0,-62.0,-64.0,-59.0,-63.0,-66.0,-52.0,6
-57.0,-56.0,-63.0,-63.0,-58.0,-64.0,-67.0,-54.0,6
-67.0,-58.0,-57.0,-58.0,-58.0,-59.0,-57.0,-60.0,6
-69.0,-58.0,-59.0,-58.0,-59.0,-58.0,-56.0,-59.0,6
-67.0,-58.0,-59.0,-62.0,-57.0,-60.0,-55.0,-58.0,6
-62.0,-58.0,-60.0,-60.0,-58.0,-59.0,-56.0,-58.0,6
-67.0,-56.0,-61.0,-58.0,-58.0,-61.0,-56.0,-57.0,6
-62.0,-57.0,-57.0,-60.0,-60.0,-62.0,-54.0,-59.0,6
-66.0,-56.0,-57.0,-59.0,-59.0,-59.0,-54.0,-57.0,6
-67.0,-57.0,-58.0,-66.0,-60.0,-61.0,-56.0,-58.0,6
-66.0,-57.0,-58.0,-58.0,-60.0,-62.0,-55.0,-54.0,6
-67.0,-58.0,-57.0,-58.0,-59.0,-59.0,-54.0,-57.0,6
-68.0,-57.0,-57.0,-60.0,-60.0,-55.0,-55.0,-58.0,6
-66.0,-57.0,-59.0,-61.0,-60.0,-62.0,-55.0,-56.0,6
-65.0,-58.0,-59.0,-60.0,-60.0,-61.0,-56.0,-57.0,6
-66.0,-58.0,-58.0,-59.0,-60.0,-57.0,-59.0,-57.0,6
-70.0,-58.0,-55.0,-55.0,-59.0,-61.0,-58.0,-52.0,6
-68.0,-56.0,-58.0,-58.0,-58.0,-60.0,-53.0,-56.0,6
-67.0,-59.0,-61.0,-57.0,-57.0,-62.0,-56.0,-59.0,6
-67.0,-60.0,-59.0,-58.0,-60.0,-60.0,-55.0,-59.0,6
-66.0,-67.0,-60.0,-58.0,-57.0,-55.0,-56.0,-58.0,6
-60.0,-48.0,-61.0,-70.0,-60.0,-62.0,-67.0,-55.0,6
-61.0,-48.0,-62.0,-70.0,-59.0,-59.0,-66.0,-56.0,6
-57.0,-47.0,-62.0,-70.0,-60.0,-63.0,-68.0,-55.0,6
-63.0,-45.0,-59.0,-72.0,-62.0,-60.0,-68.0,-53.0,6
-69.0,-48.0,-63.0,-67.0,-62.0,-59.0,-70.0,-55.0,6
-69.0,-46.0,-60.0,-66.0,-62.0,-60.0,-70.0,-55.0,6
-69.0,-46.0,-64.0,-63.0,-61.0,-61.0,-72.0,-55.0,6
-67.0,-49.0,-63.0,-65.0,-65.0,-61.0,-70.0,-54.0,6
-70.0,-47.0,-61.0,-67.0,-62.0,-61.0,-70.0,-56.0,6
-69.0,-49.0,-65.0,-67.0,-60.0,-61.0,-72.0,-57.0,6
-69.0,-48.0,-62.0,-68.0,-64.0,-60.0,-69.0,-56.0,6
-70.0,-48.0,-58.0,-67.0,-58.0,-59.0,-72.0,-54.0,6
-64.0,-47.0,-59.0,-66.0,-58.0,-60.0,-68.0,-59.0,6
-67.0,-46.0,-60.0,-71.0,-61.0,-56.0,-72.0,-55.0,6
-65.0,-48.0,-61.0,-65.0,-57.0,-56.0,-67.0,-56.0,6
-65.0,-50.0,-62.0,-64.0,-59.0,-59.0,-69.0,-55.0,6
-66.0,-45.0,-62.0,-65.0,-62.0,-56.0,-75.0,-56.0,6
-66.0,-47.0,-64.0,-71.0,-58.0,-57.0,-67.0,-58.0,6
-66.0,-45.0,-65.0,-67.0,-62.0,-58.0,-68.0,-57.0,6
-64.0,-47.0,-63.0,-65.0,-65.0,-61.0,-75.0,-56.0,6
-65.0,-49.0,-65.0,-72.0,-62.0,-62.0,-68.0,-57.0,6
-65.0,-48.0,-59.0,-70.0,-66.0,-60.0,-70.0,-54.0,6
-63.0,-49.0,-60.0,-68.0,-61.0,-59.0,-69.0,-56.0,6
-71.0,-49.0,-61.0,-76.0,-64.0,-58.0,-78.0,-56.0,6
-59.0,-56.0,-66.0,-56.0,-60.0,-63.0,-58.0,-66.0,6
-60.0,-57.0,-59.0,-54.0,-59.0,-63.0,-58.0,-67.0,7
-57.0,-57.0,-59.0,-55.0,-62.0,-58.0,-57.0,-68.0,7
-59.0,-58.0,-59.0,-57.0,-61.0,-62.0,-58.0,-68.0,7
-61.0,-57.0,-60.0,-54.0,-61.0,-64.0,-57.0,-67.0,7
-59.0,-56.0,-56.0,-53.0,-59.0,-62.0,-58.0,-63.0,7
-57.0,-56.0,-57.0,-52.0,-57.0,-62.0,-56.0,-65.0,7
-59.0,-58.0,-58.0,-56.0,-59.0,-64.0,-57.0,-69.0,7
-58.0,-57.0,-60.0,-55.0,-60.0,-63.0,-55.0,-67.0,7
-56.0,-57.0,-58.0,-55.0,-59.0,-59.0,-57.0,-68.0,7
-58.0,-57.0,-60.0,-56.0,-60.0,-60.0,-56.0,-72.0,7
-59.0,-58.0,-60.0,-54.0,-60.0,-63.0,-57.0,-63.0,7
-59.0,-58.0,-60.0,-56.0,-58.0,-59.0,-56.0,-62.0,7
-58.0,-58.0,-74.0,-59.0,-60.0,-67.0,-56.0,-64.0,7
-58.0,-58.0,-72.0,-62.0,-59.0,-66.0,-56.0,-69.0,7
-58.0,-58.0,-67.0,-60.0,-59.0,-68.0,-56.0,-69.0,7
-58.0,-58.0,-66.0,-59.0,-60.0,-66.0,-56.0,-71.0,7
-58.0,-57.0,-65.0,-60.0,-58.0,-66.0,-55.0,-68.0,7
-58.0,-56.0,-63.0,-57.0,-60.0,-67.0,-56.0,-71.0,7
-58.0,-57.0,-67.0,-60.0,-58.0,-69.0,-55.0,-72.0,7
-60.0,-58.0,-65.0,-58.0,-59.0,-68.0,-55.0,-70.0,7
-58.0,-58.0,-70.0,-59.0,-58.0,-66.0,-54.0,-64.0,7
-59.0,-58.0,-68.0,-60.0,-59.0,-69.0,-57.0,-62.0,7
-63.0,-63.0,-57.0,-59.0,-63.0,-58.0,-60.0,-57.0,7
-69.0,-60.0,-59.0,-57.0,-62.0,-59.0,-65.0,-57.0,7
-67.0,-60.0,-56.0,-58.0,-62.0,-57.0,-64.0,-55.0,7
-67.0,-64.0,-57.0,-56.0,-63.0,-60.0,-63.0,-56.0,7
-66.0,-63.0,-57.0,-59.0,-62.0,-59.0,-61.0,-55.0,7
-69.0,-61.0,-57.0,-61.0,-59.0,-60.0,-61.0,-57.0,7
-65.0,-60.0,-57.0,-63.0,-61.0,-59.0,-60.0,-56.0,7
-69.0,-60.0,-58.0,-65.0,-60.0,-62.0,-63.0,-57.0,7
-66.0,-62.0,-58.0,-60.0,-62.0,-61.0,-63.0,-55.0,7
-67.0,-60.0,-57.0,-57.0,-59.0,-59.0,-61.0,-57.0,7
-68.0,-61.0,-58.0,-60.0,-63.0,-63.0,-61.0,-56.0,7
-66.0,-60.0,-57.0,-65.0,-65.0,-63.0,-62.0,-56.0,7
-64.0,-63.0,-56.0,-58.0,-62.0,-61.0,-61.0,-57.0,7
-68.0,-59.0,-57.0,-59.0,-65.0,-58.0,-60.0,-53.0,7
-66.0,-60.0,-56.0,-57.0,-66.0,-60.0,-60.0,-57.0,7
-70.0,-65.0,-59.0,-58.0,-60.0,-59.0,-61.0,-57.0,7
-67.0,-61.0,-57.0,-59.0,-64.0,-62.0,-60.0,-54.0,7
-73.0,-59.0,-57.0,-58.0,-69.0,-58.0,-61.0,-56.0,7
-68.0,-59.0,-57.0,-62.0,-62.0,-59.0,-62.0,-60.0,7
-58.0,-62.0,-59.0,-57.0,-59.0,-63.0,-57.0,-62.0,7
-59.0,-64.0,-58.0,-58.0,-56.0,-64.0,-60.0,-68.0,7
-59.0,-69.0,-64.0,-57.0,-58.0,-62.0,-60.0,-64.0,7
-58.0,-69.0,-58.0,-57.0,-56.0,-62.0,-59.0,-62.0,7
-60.0,-68.0,-61.0,-57.0,-55.0,-62.0,-58.0,-64.0,7
-60.0,-68.0,-61.0,-56.0,-58.0,-63.0,-58.0,-63.0,7
-60.0,-69.0,-60.0,-57.0,-56.0,-64.0,-58.0,-63.0,7
-61.0,-70.0,-58.0,-58.0,-59.0,-62.0,-58.0,-62.0,7
-60.0,-67.0,-61.0,-59.0,-57.0,-62.0,-56.0,-62.0,7
-58.0,-66.0,-57.0,-55.0,-57.0,-62.0,-60.0,-63.0,7
-60.0,-64.0,-59.0,-55.0,-57.0,-62.0,-59.0,-62.0,7
-60.0,-68.0,-60.0,-57.0,-57.0,-63.0,-59.0,-63.0,7
-60.0,-69.0,-59.0,-55.0,-57.0,-62.0,-60.0,-62.0,7
-60.0,-68.0,-58.0,-57.0,-58.0,-62.0,-60.0,-67.0,7
-61.0,-71.0,-56.0,-56.0,-57.0,-63.0,-58.0,-59.0,7
-76.0,-70.0,-59.0,-53.0,-60.0,-55.0,-56.0,-65.0,7
-68.0,-63.0,-58.0,-55.0,-60.0,-55.0,-52.0,-59.0,8
-68.0,-68.0,-59.0,-53.0,-61.0,-54.0,-55.0,-63.0,8
-67.0,-66.0,-55.0,-53.0,-60.0,-54.0,-55.0,-64.0,8
-67.0,-64.0,-57.0,-54.0,-59.0,-55.0,-54.0,-65.0,8
-68.0,-65.0,-57.0,-54.0,-60.0,-55.0,-56.0,-66.0,8
-69.0,-70.0,-56.0,-52.0,-61.0,-54.0,-54.0,-59.0,8
-70.0,-67.0,-57.0,-51.0,-59.0,-55.0,-53.0,-62.0,8
-67.0,-67.0,-59.0,-52.0,-58.0,-55.0,-55.0,-61.0,8
-68.0,-70.0,-58.0,-51.0,-58.0,-53.0,-55.0,-60.0,8
-67.0,-67.0,-58.0,-51.0,-59.0,-54.0,-56.0,-63.0,8
-71.0,-70.0,-58.0,-53.0,-59.0,-56.0,-56.0,-61.0,8
-67.0,-65.0,-56.0,-52.0,-59.0,-56.0,-56.0,-64.0,8
-58.0,-58.0,-56.0,-58.0,-61.0,-57.0,-56.0,-65.0,8
-59.0,-57.0,-56.0,-59.0,-64.0,-53.0,-56.0,-61.0,8
-61.0,-58.0,-56.0,-59.0,-63.0,-54.0,-55.0,-62.0,8
-59.0,-57.0,-56.0,-60.0,-62.0,-52.0,-56.0,-64.0,8
-60.0,-58.0,-57.0,-57.0,-64.0,-55.0,-58.0,-63.0,8
-60.0,-58.0,-56.0,-59.0,-62.0,-54.0,-56.0,-63.0,8
-59.0,-57.0,-56.0,-62.0,-62.0,-55.0,-57.0,-62.0,8
-59.0,-56.0,-56.0,-58.0,-63.0,-56.0,-57.0,-61.0,8
-60.0,-58.0,-56.0,-60.0,-62.0,-55.0,-56.0,-61.0,8
-60.0,-56.0,-57.0,-60.0,-65.0,-55.0,-56.0,-63.0,8
-59.0,-57.0,-57.0,-61.0,-62.0,-55.0,-55.0,-69.0,8
-68.0,-63.0,-57.0,-58.0,-67.0,-65.0,-60.0,-57.0,8
-70.0,-67.0,-58.0,-58.0,-67.0,-71.0,-60.0,-57.0,8
-71.0,-65.0,-58.0,-61.0,-66.0,-66.0,-59.0,-57.0,8
-71.0,-64.0,-57.0,-60.0,-67.0,-73.0,-59.0,-56.0,8
-69.0,-66.0,-57.0,-57.0,-64.0,-71.0,-59.0,-57.0,8
-70.0,-63.0,-57.0,-56.0,-67.0,-72.0,-60.0,-58.0,8
-77.0,-65.0,-57.0,-63.0,-68.0,-71.0,-62.0,-58.0,8
-71.0,-63.0,-62.0,-57.0,-67.0,-68.0,-65.0,-52.0,8
-68.0,-64.0,-56.0,-60.0,-64.0,-67.0,-61.0,-57.0,8
-65.0,-70.0,-58.0,-57.0,-65.0,-69.0,-60.0,-53.0,8
-67.0,-64.0,-55.0,-56.0,-69.0,-68.0,-62.0,-60.0,8
-63.0,-64.0,-56.0,-59.0,-65.0,-71.0,-61.0,-63.0,8
-61.0,-67.0,-55.0,-59.0,-75.0,-67.0,-61.0,-54.0,8
-61.0,-67.0,-56.0,-60.0,-73.0,-64.0,-61.0,-55.0,8
-61.0,-68.0,-57.0,-64.0,-67.0,-72.0,-59.0,-53.0,8
-63.0,-69.0,-56.0,-63.0,-71.0,-63.0,-61.0,-56.0,8
-61.0,-70.0,-57.0,-62.0,-75.0,-65.0,-62.0,-52.0,8
-62.0,-71.0,-59.0,-57.0,-66.0,-67.0,-68.0,-55.0,8
-62.0,-69.0,-56.0,-57.0,-66.0,-66.0,-61.0,-55.0,8
-61.0,-69.0,-57.0,-61.0,-65.0,-68.0,-60.0,-55.0,8
-63.0,-79.0,-56.0,-59.0,-63.0,-69.0,-59.0,-55.0,8
-64.0,-77.0,-56.0,-61.0,-64.0,-65.0,-61.0,-54.0,8
-67.0,-57.0,-70.0,-60.0,-64.0,-64.0,-65.0,-61.0,8
-67.0,-61.0,-68.0,-56.0,-64.0,-66.0,-79.0,-61.0,8
-67.0,-59.0,-69.0,-55.0,-61.0,-65.0,-67.0,-61.0,8
-67.0,-62.0,-72.0,-58.0,-62.0,-75.0,-66.0,-61.0,8
-66.0,-59.0,-68.0,-56.0,-61.0,-66.0,-67.0,-61.0,8
-65.0,-58.0,-67.0,-58.0,-61.0,-68.0,-65.0,-61.0,8
-65.0,-58.0,-66.0,-56.0,-61.0,-70.0,-67.0,-61.0,8
-66.0,-61.0,-67.0,-58.0,-63.0,-68.0,-66.0,-61.0,8
-67.0,-59.0,-69.0,-60.0,-63.0,-71.0,-65.0,-60.0,8
-67.0,-60.0,-77.0,-56.0,-66.0,-66.0,-65.0,-59.0,8
-67.0,-60.0,-67.0,-56.0,-64.0,-74.0,-66.0,-60.0,8
-67.0,-60.0,-65.0,-56.0,-62.0,-68.0,-65.0,-57.0,8
-67.0,-62.0,-67.0,-56.0,-65.0,-67.0,-65.0,-59.0,8
-64.0,-60.0,-67.0,-53.0,-61.0,-66.0,-66.0,-59.0,8
-69.0,-60.0,-60.0,-60.0,-65.0,-56.0,-53.0,-47.0,8
-64.0,-63.0,-60.0,-62.0,-68.0,-58.0,-52.0,-48.0,9
-62.0,-57.0,-59.0,-63.0,-76.0,-58.0,-55.0,-49.0,9
-62.0,-60.0,-59.0,-62.0,-66.0,-59.0,-55.0,-49.0,9
-63.0,-60.0,-58.0,-66.0,-63.0,-61.0,-52.0,-48.0,9
-64.0,-60.0,-58.0,-63.0,-65.0,-58.0,-54.0,-49.0,9
-62.0,-60.0,-58.0,-63.0,-66.0,-59.0,-55.0,-50.0,9
-63.0,-60.0,-57.0,-61.0,-67.0,-56.0,-57.0,-49.0,9
-62.0,-60.0,-58.0,-68.0,-66.0,-59.0,-54.0,-48.0,9
-63.0,-60.0,-58.0,-68.0,-64.0,-57.0,-57.0,-46.0,9
-64.0,-60.0,-60.0,-67.0,-67.0,-60.0,-56.0,-47.0,9
-64.0,-60.0,-59.0,-67.0,-68.0,-60.0,-55.0,-52.0,9
-67.0,-58.0,-59.0,-67.0,-66.0,-57.0,-57.0,-52.0,9
-66.0,-59.0,-59.0,-63.0,-72.0,-57.0,-57.0,-53.0,9
-69.0,-62.0,-58.0,-64.0,-64.0,-56.0,-56.0,-53.0,9
-64.0,-69.0,-65.0,-66.0,-63.0,-56.0,-55.0,-52.0,9
-63.0,-72.0,-60.0,-65.0,-59.0,-59.0,-54.0,-49.0,9
-63.0,-69.0,-65.0,-64.0,-63.0,-58.0,-55.0,-54.0,9
-63.0,-66.0,-67.0,-58.0,-64.0,-55.0,-56.0,-50.0,9
-62.0,-71.0,-66.0,-60.0,-65.0,-57.0,-53.0,-51.0,9
-61.0,-68.0,-64.0,-59.0,-64.0,-55.0,-54.0,-53.0,9
-62.0,-66.0,-67.0,-60.0,-64.0,-56.0,-54.0,-52.0,9
-65.0,-64.0,-58.0,-61.0,-58.0,-55.0,-54.0,-57.0,9
-66.0,-63.0,-58.0,-59.0,-57.0,-55.0,-54.0,-59.0,9
-62.0,-63.0,-58.0,-60.0,-59.0,-56.0,-53.0,-61.0,9
-59.0,-62.0,-59.0,-61.0,-57.0,-54.0,-51.0,-59.0,9
-60.0,-61.0,-60.0,-60.0,-57.0,-55.0,-50.0,-63.0,9
-61.0,-60.0,-58.0,-56.0,-57.0,-55.0,-53.0,-61.0,9
-59.0,-62.0,-57.0,-59.0,-59.0,-55.0,-50.0,-58.0,9
-60.0,-59.0,-58.0,-59.0,-59.0,-56.0,-51.0,-61.0,9
-59.0,-61.0,-59.0,-59.0,-58.0,-56.0,-50.0,-61.0,9
-61.0,-63.0,-59.0,-59.0,-59.0,-55.0,-51.0,-61.0,9
-61.0,-62.0,-57.0,-56.0,-58.0,-55.0,-50.0,-61.0,9
-61.0,-63.0,-58.0,-58.0,-60.0,-52.0,-50.0,-60.0,9
-60.0,-62.0,-58.0,-57.0,-57.0,-55.0,-51.0,-62.0,9
-60.0,-63.0,-58.0,-59.0,-60.0,-54.0,-51.0,-62.0,9
-62.0,-61.0,-59.0,-58.0,-56.0,-56.0,-52.0,-63.0,9
-63.0,-62.0,-59.0,-60.0,-59.0,-54.0,-52.0,-65.0,9
-60.0,-62.0,-59.0,-59.0,-58.0,-57.0,-52.0,-64.0,9
-60.0,-62.0,-59.0,-57.0,-57.0,-55.0,-51.0,-65.0,9
-61.0,-58.0,-61.0,-61.0,-66.0,-54.0,-65.0,-53.0,9
-60.0,-60.0,-60.0,-62.0,-68.0,-51.0,-72.0,-51.0,9
-58.0,-57.0,-58.0,-60.0,-68.0,-53.0,-73.0,-53.0,9
-55.0,-60.0,-60.0,-58.0,-64.0,-53.0,-69.0,-53.0,9
-56.0,-58.0,-61.0,-62.0,-65.0,-53.0,-68.0,-53.0,9
-59.0,-57.0,-60.0,-62.0,-68.0,-53.0,-67.0,-53.0,9
-59.0,-61.0,-59.0,-62.0,-70.0,-55.0,-66.0,-52.0,9
-58.0,-56.0,-56.0,-60.0,-69.0,-52.0,-66.0,-52.0,9
-58.0,-57.0,-60.0,-60.0,-64.0,-54.0,-66.0,-56.0,9
-59.0,-56.0,-63.0,-61.0,-67.0,-56.0,-71.0,-56.0,9
-59.0,-56.0,-65.0,-61.0,-66.0,-52.0,-67.0,-56.0,9
-58.0,-59.0,-64.0,-62.0,-66.0,-53.0,-67.0,-51.0,9
-59.0,-60.0,-64.0,-63.0,-65.0,-54.0,-66.0,-51.0,9
-59.0,-57.0,-64.0,-62.0,-65.0,-54.0,-70.0,-51.0,9
-58.0,-58.0,-63.0,-59.0,-65.0,-54.0,-70.0,-52.0,9
-57.0,-58.0,-63.0,-64.0,-64.0,-53.0,-68.0,-52.0,9
-59.0,-58.0,-63.0,-65.0,-66.0,-54.0,-70.0,-52.0,9
-60.0,-58.0,-62.0,-67.0,-68.0,-54.0,-70.0,-50.0,9
-58.0,-58.0,-64.0,-65.0,-67.0,-55.0,-65.0,-52.0,9
-56.0,-59.0,-65.0,-64.0,-65.0,-54.0,-70.0,-52.0,9
-77.0,-69.0,-65.0,-59.0,-62.0,-52.0,-57.0,-50.0,9
-68.0,-69.0,-65.0,-59.0,-63.0,-50.0,-57.0,-47.0,10
-66.0,-70.0,-64.0,-59.0,-65.0,-50.0,-55.0,-49.0,10
-68.0,-70.0,-64.0,-58.0,-67.0,-51.0,-55.0,-49.0,10
-67.0,-69.0,-65.0,-57.0,-64.0,-50.0,-56.0,-48.0,10
-68.0,-70.0,-67.0,-59.0,-65.0,-52.0,-56.0,-48.0,10
-71.0,-68.0,-60.0,-60.0,-63.0,-51.0,-57.0,-49.0,10
-66.0,-70.0,-64.0,-58.0,-62.0,-50.0,-56.0,-48.0,10
-69.0,-69.0,-65.0,-65.0,-64.0,-50.0,-57.0,-49.0,10
-69.0,-71.0,-65.0,-58.0,-64.0,-50.0,-59.0,-48.0,10
-72.0,-70.0,-62.0,-58.0,-65.0,-56.0,-59.0,-48.0,10
-69.0,-71.0,-65.0,-59.0,-65.0,-50.0,-57.0,-48.0,10
-62.0,-71.0,-70.0,-57.0,-62.0,-46.0,-58.0,-52.0,10
-63.0,-76.0,-63.0,-57.0,-60.0,-57.0,-58.0,-50.0,10
-60.0,-78.0,-63.0,-56.0,-65.0,-47.0,-59.0,-50.0,10
-58.0,-76.0,-61.0,-61.0,-62.0,-50.0,-56.0,-50.0,10
-62.0,-77.0,-62.0,-60.0,-59.0,-48.0,-57.0,-51.0,10
-59.0,-76.0,-62.0,-63.0,-66.0,-48.0,-59.0,-50.0,10
-60.0,-75.0,-62.0,-56.0,-62.0,-48.0,-59.0,-50.0,10
-61.0,-75.0,-60.0,-57.0,-62.0,-49.0,-59.0,-51.0,10
-61.0,-77.0,-63.0,-55.0,-63.0,-49.0,-59.0,-50.0,10
-61.0,-77.0,-62.0,-58.0,-63.0,-49.0,-59.0,-50.0,10
-61.0,-77.0,-62.0,-58.0,-62.0,-49.0,-58.0,-50.0,10
-65.0,-75.0,-64.0,-60.0,-62.0,-49.0,-58.0,-50.0,10
-62.0,-73.0,-66.0,-59.0,-60.0,-48.0,-58.0,-51.0,10
-60.0,-65.0,-64.0,-59.0,-54.0,-49.0,-58.0,-54.0,10
-61.0,-69.0,-58.0,-58.0,-52.0,-48.0,-60.0,-55.0,10
-60.0,-70.0,-60.0,-58.0,-57.0,-49.0,-58.0,-58.0,10
-60.0,-69.0,-58.0,-56.0,-54.0,-49.0,-58.0,-58.0,10
-58.0,-68.0,-60.0,-59.0,-53.0,-51.0,-59.0,-57.0,10
-61.0,-72.0,-60.0,-57.0,-53.0,-51.0,-59.0,-56.0,10
-61.0,-71.0,-59.0,-57.0,-55.0,-50.0,-59.0,-58.0,10
-60.0,-74.0,-59.0,-59.0,-54.0,-46.0,-60.0,-61.0,10
-60.0,-71.0,-62.0,-54.0,-56.0,-48.0,-64.0,-58.0,10
-59.0,-71.0,-63.0,-56.0,-56.0,-48.0,-59.0,-59.0,10
-61.0,-69.0,-61.0,-57.0,-54.0,-50.0,-59.0,-60.0,10
-62.0,-69.0,-60.0,-56.0,-56.0,-51.0,-63.0,-60.0,10
-61.0,-69.0,-59.0,-57.0,-56.0,-48.0,-60.0,-54.0,10
-61.0,-65.0,-60.0,-58.0,-54.0,-51.0,-61.0,-56.0,10
-64.0,-66.0,-59.0,-58.0,-53.0,-52.0,-60.0,-58.0,10
-57.0,-63.0,-77.0,-65.0,-61.0,-55.0,-63.0,-49.0,10
-60.0,-63.0,-65.0,-61.0,-63.0,-52.0,-62.0,-51.0,10
-60.0,-62.0,-68.0,-61.0,-59.0,-51.0,-63.0,-51.0,10
-62.0,-59.0,-66.0,-62.0,-60.0,-52.0,-58.0,-50.0,10
-60.0,-62.0,-69.0,-61.0,-57.0,-51.0,-58.0,-50.0,10
-59.0,-61.0,-69.0,-60.0,-58.0,-53.0,-58.0,-50.0,10
-57.0,-60.0,-69.0,-63.0,-60.0,-52.0,-60.0,-50.0,10
-60.0,-60.0,-74.0,-64.0,-60.0,-53.0,-58.0,-51.0,10
-59.0,-64.0,-69.0,-64.0,-58.0,-52.0,-59.0,-52.0,10
-58.0,-58.0,-71.0,-62.0,-58.0,-55.0,-59.0,-51.0,10
-60.0,-59.0,-65.0,-62.0,-58.0,-54.0,-63.0,-50.0,10
-61.0,-62.0,-68.0,-62.0,-59.0,-55.0,-64.0,-50.0,10
-60.0,-61.0,-67.0,-60.0,-59.0,-54.0,-65.0,-53.0,10
-61.0,-65.0,-66.0,-63.0,-57.0,-53.0,-63.0,-51.0,10
-59.0,-63.0,-67.0,-59.0,-58.0,-56.0,-64.0,-51.0,10
-61.0,-61.0,-66.0,-69.0,-58.0,-56.0,-57.0,-48.0,10
-59.0,-65.0,-68.0,-67.0,-59.0,-55.0,-56.0,-51.0,10
-62.0,-61.0,-69.0,-62.0,-59.0,-52.0,-57.0,-51.0,10
-61.0,-64.0,-67.0,-65.0,-61.0,-51.0,-57.0,-52.0,10
-61.0,-60.0,-67.0,-65.0,-56.0,-51.0,-57.0,-52.0,10
-60.0,-60.0,-66.0,-60.0,-55.0,-50.0,-60.0,-51.0,10
-66.0,-51.0,-52.0,-61.0,-62.0,-59.0,-71.0,-66.0,10
-72.0,-52.0,-52.0,-64.0,-65.0,-60.0,-60.0,-71.0,11
-73.0,-50.0,-54.0,-62.0,-64.0,-60.0,-60.0,-76.0,11
-73.0,-52.0,-53.0,-61.0,-64.0,-60.0,-59.0,-72.0,11
-73.0,-54.0,-53.0,-60.0,-65.0,-60.0,-61.0,-75.0,11
-75.0,-54.0,-52.0,-61.0,-64.0,-63.0,-60.0,-74.0,11
-74.0,-56.0,-51.0,-58.0,-64.0,-63.0,-60.0,-75.0,11
-73.0,-52.0,-52.0,-58.0,-64.0,-61.0,-62.0,-70.0,11
-74.0,-54.0,-52.0,-59.0,-63.0,-64.0,-56.0,-69.0,11
-74.0,-59.0,-51.0,-59.0,-64.0,-62.0,-59.0,-70.0,11
-75.0,-54.0,-52.0,-58.0,-63.0,-62.0,-61.0,-68.0,11
-75.0,-54.0,-52.0,-59.0,-64.0,-61.0,-60.0,-72.0,11
-75.0,-59.0,-53.0,-59.0,-59.0,-61.0,-61.0,-70.0,11
-75.0,-55.0,-51.0,-62.0,-63.0,-58.0,-59.0,-70.0,11
-71.0,-57.0,-52.0,-60.0,-63.0,-61.0,-60.0,-69.0,11
-73.0,-48.0,-58.0,-66.0,-71.0,-60.0,-64.0,-59.0,11
-73.0,-52.0,-58.0,-66.0,-70.0,-63.0,-64.0,-58.0,11
-71.0,-50.0,-65.0,-64.0,-65.0,-62.0,-64.0,-58.0,11
-73.0,-52.0,-66.0,-64.0,-70.0,-62.0,-77.0,-58.0,11
-70.0,-50.0,-63.0,-65.0,-68.0,-63.0,-64.0,-58.0,11
-70.0,-51.0,-62.0,-66.0,-69.0,-64.0,-64.0,-60.0,11
-73.0,-49.0,-63.0,-67.0,-68.0,-60.0,-66.0,-59.0,11
-74.0,-49.0,-62.0,-69.0,-67.0,-64.0,-62.0,-60.0,11
-73.0,-50.0,-60.0,-68.0,-68.0,-64.0,-62.0,-59.0,11
-71.0,-50.0,-60.0,-65.0,-68.0,-64.0,-62.0,-59.0,11
-76.0,-52.0,-60.0,-66.0,-67.0,-62.0,-61.0,-60.0,11
-70.0,-51.0,-59.0,-66.0,-66.0,-64.0,-62.0,-60.0,11
-71.0,-51.0,-61.0,-63.0,-74.0,-62.0,-66.0,-61.0,11
-73.0,-50.0,-61.0,-66.0,-67.0,-62.0,-60.0,-60.0,11
-69.0,-49.0,-62.0,-61.0,-55.0,-59.0,-71.0,-52.0,11
-71.0,-46.0,-61.0,-54.0,-56.0,-58.0,-71.0,-54.0,11
-66.0,-47.0,-63.0,-55.0,-54.0,-57.0,-71.0,-54.0,11
-69.0,-46.0,-63.0,-53.0,-55.0,-57.0,-71.0,-58.0,11
-64.0,-46.0,-60.0,-53.0,-54.0,-61.0,-74.0,-54.0,11
-68.0,-47.0,-59.0,-53.0,-56.0,-55.0,-71.0,-57.0,11
-63.0,-46.0,-61.0,-54.0,-56.0,-56.0,-70.0,-54.0,11
-66.0,-46.0,-61.0,-54.0,-53.0,-59.0,-69.0,-55.0,11
-67.0,-50.0,-59.0,-53.0,-56.0,-56.0,-68.0,-55.0,11
-66.0,-47.0,-60.0,-53.0,-56.0,-58.0,-68.0,-55.0,11
-64.0,-48.0,-58.0,-53.0,-56.0,-57.0,-68.0,-55.0,11
-67.0,-48.0,-64.0,-54.0,-56.0,-56.0,-66.0,-55.0,11
-67.0,-47.0,-62.0,-53.0,-53.0,-54.0,-70.0,-57.0,11
-66.0,-47.0,-64.0,-54.0,-55.0,-56.0,-66.0,-55.0,11
-67.0,-47.0,-63.0,-52.0,-57.0,-59.0,-69.0,-55.0,11
-67.0,-46.0,-60.0,-54.0,-57.0,-57.0,-67.0,-55.0,11
-66.0,-46.0,-63.0,-53.0,-58.0,-57.0,-66.0,-55.0,11
-67.0,-51.0,-63.0,-56.0,-57.0,-57.0,-68.0,-55.0,11
-67.0,-48.0,-58.0,-53.0,-60.0,-56.0,-69.0,-52.0,11
-63.0,-67.0,-55.0,-56.0,-53.0,-65.0,-64.0,-57.0,11
-64.0,-67.0,-56.0,-59.0,-54.0,-64.0,-60.0,-57.0,11
-64.0,-67.0,-57.0,-64.0,-54.0,-66.0,-62.0,-57.0,11
-61.0,-64.0,-56.0,-61.0,-54.0,-67.0,-60.0,-56.0,11
-63.0,-66.0,-57.0,-60.0,-56.0,-66.0,-60.0,-60.0,11
-61.0,-60.0,-55.0,-65.0,-52.0,-64.0,-60.0,-60.0,11
-61.0,-64.0,-55.0,-60.0,-55.0,-66.0,-61.0,-57.0,11
-59.0,-62.0,-57.0,-60.0,-55.0,-62.0,-60.0,-58.0,11
-61.0,-60.0,-55.0,-60.0,-54.0,-66.0,-61.0,-56.0,11
-60.0,-65.0,-56.0,-59.0,-56.0,-75.0,-60.0,-56.0,11
-61.0,-59.0,-56.0,-60.0,-54.0,-67.0,-60.0,-58.0,11
-61.0,-65.0,-56.0,-61.0,-55.0,-64.0,-62.0,-58.0,11
-60.0,-66.0,-57.0,-59.0,-56.0,-65.0,-62.0,-54.0,11
-61.0,-66.0,-57.0,-60.0,-54.0,-66.0,-62.0,-57.0,11
-61.0,-69.0,-57.0,-61.0,-55.0,-67.0,-63.0,-56.0,11
-62.0,-67.0,-56.0,-60.0,-54.0,-67.0,-61.0,-58.0,11
-68.0,-58.0,-59.0,-63.0,-62.0,-64.0,-64.0,-67.0,11
-66.0,-57.0,-59.0,-61.0,-59.0,-69.0,-63.0,-61.0,12
-67.0,-56.0,-58.0,-63.0,-60.0,-67.0,-64.0,-66.0,12
-67.0,-56.0,-61.0,-69.0,-60.0,-69.0,-62.0,-67.0,12
-66.0,-56.0,-59.0,-65.0,-60.0,-66.0,-65.0,-65.0,12
-66.0,-56.0,-55.0,-57.0,-63.0,-65.0,-67.0,-63.0,12
-66.0,-55.0,-60.0,-62.0,-62.0,-63.0,-66.0,-64.0,12
-67.0,-56.0,-57.0,-66.0,-60.0,-65.0,-65.0,-65.0,12
-67.0,-57.0,-58.0,-60.0,-62.0,-66.0,-65.0,-65.0,12
-65.0,-56.0,-56.0,-65.0,-60.0,-66.0,-68.0,-64.0,12
-67.0,-56.0,-59.0,-59.0,-60.0,-65.0,-62.0,-70.0,12
-64.0,-56.0,-59.0,-65.0,-62.0,-64.0,-59.0,-66.0,12
-67.0,-57.0,-59.0,-66.0,-58.0,-69.0,-60.0,-67.0,12
-67.0,-57.0,-59.0,-60.0,-60.0,-68.0,-61.0,-68.0,12
-67.0,-56.0,-59.0,-67.0,-64.0,-69.0,-64.0,-67.0,12
-68.0,-56.0,-61.0,-65.0,-59.0,-71.0,-62.0,-66.0,12
-59.0,-62.0,-60.0,-56.0,-67.0,-64.0,-63.0,-69.0,12
-62.0,-62.0,-61.0,-58.0,-64.0,-59.0,-64.0,-63.0,12
-59.0,-61.0,-59.0,-59.0,-65.0,-65.0,-65.0,-65.0,12
-60.0,-63.0,-59.0,-61.0,-64.0,-65.0,-65.0,-65.0,12
-57.0,-64.0,-60.0,-57.0,-59.0,-64.0,-67.0,-65.0,12
-60.0,-65.0,-61.0,-57.0,-60.0,-64.0,-68.0,-66.0,12
-59.0,-61.0,-62.0,-57.0,-62.0,-63.0,-66.0,-65.0,12
-61.0,-60.0,-61.0,-55.0,-65.0,-64.0,-65.0,-65.0,12
-60.0,-61.0,-61.0,-56.0,-62.0,-61.0,-65.0,-64.0,12
-60.0,-62.0,-61.0,-57.0,-70.0,-62.0,-66.0,-64.0,12
-60.0,-62.0,-62.0,-54.0,-68.0,-61.0,-65.0,-65.0,12
-60.0,-66.0,-61.0,-54.0,-68.0,-63.0,-66.0,-65.0,12
-60.0,-65.0,-61.0,-54.0,-66.0,-63.0,-67.0,-65.0,12
-61.0,-64.0,-61.0,-55.0,-68.0,-62.0,-64.0,-66.0,12
-64.0,-57.0,-58.0,-55.0,-64.0,-56.0,-58.0,-69.0,12
-65.0,-56.0,-57.0,-53.0,-62.0,-55.0,-58.0,-69.0,12
-62.0,-56.0,-58.0,-54.0,-60.0,-55.0,-59.0,-68.0,12
-64.0,-55.0,-57.0,-53.0,-64.0,-53.0,-57.0,-73.0,12
-64.0,-56.0,-60.0,-52.0,-67.0,-56.0,-60.0,-72.0,12
-61.0,-59.0,-58.0,-52.0,-67.0,-57.0,-60.0,-72.0,12
-64.0,-64.0,-60.0,-53.0,-66.0,-57.0,-59.0,-69.0,12
-61.0,-56.0,-60.0,-52.0,-64.0,-59.0,-58.0,-74.0,12
-63.0,-56.0,-59.0,-52.0,-67.0,-57.0,-58.0,-74.0,12
-62.0,-59.0,-59.0,-52.0,-65.0,-58.0,-60.0,-74.0,12
-61.0,-57.0,-57.0,-53.0,-63.0,-55.0,-58.0,-74.0,12
-63.0,-58.0,-57.0,-51.0,-64.0,-57.0,-61.0,-75.0,12
-60.0,-58.0,-55.0,-54.0,-65.0,-55.0,-58.0,-72.0,12
-64.0,-58.0,-60.0,-53.0,-66.0,-53.0,-60.0,-80.0,12
-62.0,-59.0,-59.0,-54.0,-68.0,-56.0,-59.0,-75.0,12
-64.0,-57.0,-59.0,-53.0,-66.0,-59.0,-59.0,-76.0,12
-64.0,-58.0,-60.0,-55.0,-68.0,-56.0,-59.0,-74.0,12
-74.0,-68.0,-59.0,-64.0,-58.0,-64.0,-56.0,-67.0,12
-62.0,-60.0,-59.0,-64.0,-61.0,-63.0,-55.0,-72.0,12
-68.0,-63.0,-62.0,-65.0,-61.0,-63.0,-54.0,-72.0,12
-68.0,-62.0,-68.0,-65.0,-63.0,-63.0,-56.0,-70.0,12
-68.0,-57.0,-58.0,-67.0,-62.0,-66.0,-56.0,-69.0,12
-70.0,-64.0,-58.0,-70.0,-63.0,-63.0,-55.0,-75.0,12
-68.0,-65.0,-59.0,-64.0,-63.0,-67.0,-56.0,-72.0,12
-71.0,-65.0,-61.0,-68.0,-62.0,-66.0,-57.0,-72.0,12
-69.0,-64.0,-58.0,-64.0,-63.0,-65.0,-54.0,-71.0,12
-71.0,-64.0,-63.0,-67.0,-62.0,-62.0,-56.0,-77.0,12
-71.0,-64.0,-63.0,-58.0,-63.0,-64.0,-55.0,-74.0,12
-70.0,-63.0,-57.0,-65.0,-63.0,-64.0,-55.0,-72.0,12
-71.0,-64.0,-68.0,-64.0,-62.0,-64.0,-55.0,-83.0,12
-72.0,-59.0,-56.0,-67.0,-62.0,-63.0,-55.0,-76.0,12
-70.0,-59.0,-56.0,-67.0,-62.0,-63.0,-55.0,-75.0,12
-70.0,-59.0,-60.0,-56.0,-63.0,-63.0,-54.0,-73.0,12
-66.0,-67.0,-66.0,-55.0,-56.0,-64.0,-55.0,-60.0,12
-67.0,-62.0,-69.0,-55.0,-56.0,-66.0,-55.0,-62.0,13
-66.0,-60.0,-68.0,-57.0,-56.0,-64.0,-56.0,-57.0,13
-64.0,-63.0,-66.0,-55.0,-59.0,-63.0,-52.0,-60.0,13
-66.0,-60.0,-67.0,-57.0,-57.0,-64.0,-55.0,-61.0,13
-66.0,-62.0,-67.0,-55.0,-57.0,-62.0,-53.0,-61.0,13
-65.0,-64.0,-63.0,-56.0,-57.0,-59.0,-52.0,-61.0,13
-65.0,-61.0,-66.0,-55.0,-57.0,-59.0,-52.0,-61.0,13
-73.0,-61.0,-70.0,-57.0,-56.0,-52.0,-66.0,-60.0,13
-65.0,-65.0,-65.0,-57.0,-56.0,-52.0,-67.0,-58.0,13
-68.0,-59.0,-67.0,-60.0,-56.0,-51.0,-63.0,-59.0,13
-74.0,-62.0,-73.0,-56.0,-56.0,-49.0,-63.0,-60.0,13
-75.0,-62.0,-69.0,-58.0,-57.0,-52.0,-67.0,-59.0,13
-72.0,-60.0,-62.0,-60.0,-55.0,-53.0,-66.0,-63.0,13
-72.0,-61.0,-69.0,-60.0,-56.0,-53.0,-68.0,-62.0,13
-80.0,-63.0,-65.0,-57.0,-57.0,-52.0,-66.0,-61.0,13
-76.0,-59.0,-66.0,-58.0,-57.0,-52.0,-67.0,-60.0,13
-79.0,-61.0,-68.0,-56.0,-57.0,-52.0,-72.0,-59.0,13
-76.0,-62.0,-64.0,-56.0,-57.0,-52.0,-69.0,-59.0,13
-64.0,-67.0,-67.0,-60.0,-54.0,-60.0,-58.0,-60.0,13
-65.0,-61.0,-65.0,-59.0,-52.0,-63.0,-59.0,-60.0,13
-65.0,-62.0,-67.0,-62.0,-52.0,-69.0,-59.0,-57.0,13
-65.0,-59.0,-68.0,-63.0,-53.0,-68.0,-58.0,-68.0,13
-65.0,-62.0,-66.0,-61.0,-56.0,-66.0,-59.0,-57.0,13
-64.0,-67.0,-66.0,-62.0,-53.0,-63.0,-56.0,-58.0,13
-59.0,-61.0,-66.0,-59.0,-55.0,-67.0,-56.0,-62.0,13
-64.0,-64.0,-66.0,-61.0,-55.0,-66.0,-60.0,-57.0,13
-66.0,-64.0,-65.0,-60.0,-54.0,-62.0,-59.0,-63.0,13
-64.0,-65.0,-66.0,-60.0,-55.0,-65.0,-59.0,-59.0,13
-66.0,-65.0,-64.0,-61.0,-56.0,-65.0,-59.0,-57.0,13
-65.0,-67.0,-65.0,-61.0,-54.0,-65.0,-56.0,-59.0,13
-65.0,-66.0,-69.0,-60.0,-56.0,-67.0,-59.0,-61.0,13
-64.0,-64.0,-68.0,-65.0,-50.0,-64.0,-60.0,-59.0,13
-64.0,-62.0,-67.0,-64.0,-52.0,-66.0,-58.0,-56.0,13
-66.0,-60.0,-64.0,-54.0,-57.0,-53.0,-55.0,-67.0,13
-67.0,-61.0,-59.0,-53.0,-57.0,-51.0,-55.0,-66.0,13
-67.0,-62.0,-59.0,-52.0,-55.0,-54.0,-57.0,-65.0,13
-63.0,-60.0,-59.0,-52.0,-57.0,-60.0,-57.0,-67.0,13
-62.0,-60.0,-60.0,-54.0,-56.0,-53.0,-57.0,-69.0,13
-66.0,-61.0,-60.0,-53.0,-58.0,-54.0,-57.0,-69.0,13
-61.0,-60.0,-58.0,-50.0,-56.0,-55.0,-56.0,-69.0,13
-64.0,-62.0,-60.0,-55.0,-57.0,-52.0,-57.0,-68.0,13
-64.0,-61.0,-61.0,-53.0,-55.0,-54.0,-57.0,-67.0,13
-62.0,-61.0,-63.0,-53.0,-55.0,-54.0,-57.0,-67.0,13
-67.0,-66.0,-62.0,-52.0,-55.0,-53.0,-59.0,-70.0,13
-68.0,-60.0,-58.0,-52.0,-56.0,-53.0,-58.0,-67.0,13
-66.0,-64.0,-57.0,-52.0,-55.0,-52.0,-57.0,-69.0,13
-67.0,-63.0,-60.0,-52.0,-55.0,-53.0,-57.0,-67.0,13
-65.0,-65.0,-60.0,-52.0,-58.0,-50.0,-57.0,-68.0,13
-65.0,-61.0,-61.0,-52.0,-53.0,-52.0,-58.0,-68.0,13
-65.0,-59.0,-57.0,-53.0,-55.0,-52.0,-56.0,-66.0,13
-65.0,-60.0,-61.0,-53.0,-56.0,-53.0,-57.0,-67.0,13
-61.0,-65.0,-58.0,-66.0,-59.0,-54.0,-58.0,-54.0,13
-65.0,-66.0,-57.0,-59.0,-62.0,-54.0,-57.0,-57.0,14
-67.0,-66.0,-58.0,-61.0,-61.0,-55.0,-57.0,-54.0,14
-68.0,-66.0,-58.0,-62.0,-61.0,-55.0,-58.0,-57.0,14
-67.0,-65.0,-59.0,-59.0,-60.0,-53.0,-57.0,-56.0,14
-66.0,-67.0,-56.0,-58.0,-58.0,-55.0,-58.0,-53.0,14
-61.0,-64.0,-57.0,-57.0,-59.0,-57.0,-58.0,-57.0,14
-62.0,-69.0,-59.0,-58.0,-55.0,-54.0,-58.0,-56.0,14
-66.0,-67.0,-58.0,-61.0,-57.0,-56.0,-57.0,-57.0,14
-66.0,-68.0,-56.0,-63.0,-64.0,-51.0,-58.0,-54.0,14
-66.0,-66.0,-56.0,-61.0,-65.0,-52.0,-55.0,-52.0,14
-69.0,-67.0,-55.0,-65.0,-64.0,-57.0,-57.0,-54.0,14
-66.0,-65.0,-56.0,-60.0,-64.0,-52.0,-57.0,-55.0,14
-64.0,-68.0,-55.0,-61.0,-65.0,-54.0,-57.0,-54.0,14
-65.0,-70.0,-55.0,-59.0,-59.0,-52.0,-57.0,-53.0,14
-65.0,-70.0,-55.0,-59.0,-69.0,-51.0,-57.0,-55.0,14
-65.0,-70.0,-56.0,-60.0,-66.0,-52.0,-58.0,-56.0,14
-67.0,-70.0,-56.0,-60.0,-63.0,-52.0,-57.0,-56.0,14
-67.0,-65.0,-54.0,-67.0,-66.0,-51.0,-58.0,-67.0,14
-67.0,-63.0,-55.0,-61.0,-69.0,-53.0,-59.0,-56.0,14
-66.0,-67.0,-56.0,-57.0,-64.0,-52.0,-58.0,-56.0,14
-67.0,-69.0,-55.0,-59.0,-63.0,-54.0,-58.0,-68.0,14
-63.0,-64.0,-57.0,-58.0,-60.0,-58.0,-64.0,-59.0,14
-60.0,-64.0,-60.0,-58.0,-57.0,-61.0,-60.0,-63.0,14
-63.0,-63.0,-59.0,-54.0,-59.0,-58.0,-62.0,-63.0,14
-61.0,-64.0,-70.0,-57.0,-57.0,-58.0,-64.0,-62.0,14
-62.0,-63.0,-60.0,-59.0,-58.0,-55.0,-64.0,-62.0,14
-62.0,-64.0,-61.0,-60.0,-57.0,-56.0,-64.0,-61.0,14
-63.0,-65.0,-59.0,-60.0,-60.0,-59.0,-64.0,-63.0,14
-61.0,-62.0,-60.0,-56.0,-62.0,-59.0,-64.0,-62.0,14
-62.0,-64.0,-60.0,-57.0,-60.0,-57.0,-66.0,-63.0,14
-63.0,-64.0,-61.0,-63.0,-55.0,-55.0,-64.0,-63.0,14
-63.0,-64.0,-60.0,-57.0,-60.0,-56.0,-64.0,-63.0,14
-63.0,-63.0,-60.0,-60.0,-60.0,-54.0,-64.0,-60.0,14
-61.0,-63.0,-58.0,-62.0,-59.0,-59.0,-65.0,-62.0,14
-63.0,-63.0,-60.0,-65.0,-58.0,-57.0,-64.0,-62.0,14
-59.0,-63.0,-60.0,-61.0,-57.0,-59.0,-63.0,-63.0,14
-67.0,-69.0,-61.0,-59.0,-60.0,-51.0,-63.0,-60.0,14
-72.0,-66.0,-64.0,-57.0,-58.0,-53.0,-66.0,-64.0,14
-73.0,-66.0,-60.0,-58.0,-58.0,-53.0,-63.0,-65.0,14
-69.0,-64.0,-63.0,-58.0,-59.0,-51.0,-59.0,-66.0,14
-71.0,-68.0,-59.0,-60.0,-59.0,-50.0,-58.0,-65.0,14
-71.0,-67.0,-62.0,-58.0,-57.0,-52.0,-61.0,-64.0,14
-69.0,-67.0,-64.0,-55.0,-56.0,-52.0,-63.0,-61.0,14
-72.0,-67.0,-63.0,-58.0,-56.0,-54.0,-62.0,-60.0,14
-71.0,-69.0,-61.0,-56.0,-54.0,-50.0,-66.0,-62.0,14
-71.0,-66.0,-61.0,-57.0,-58.0,-50.0,-58.0,-63.0,14
-69.0,-66.0,-60.0,-56.0,-56.0,-50.0,-61.0,-62.0,14
-71.0,-67.0,-64.0,-57.0,-56.0,-59.0,-63.0,-67.0,14
-70.0,-66.0,-62.0,-59.0,-55.0,-51.0,-65.0,-67.0,14
-72.0,-67.0,-63.0,-57.0,-56.0,-52.0,-63.0,-68.0,14
-74.0,-68.0,-62.0,-57.0,-56.0,-53.0,-64.0,-66.0,14
-73.0,-62.0,-61.0,-56.0,-59.0,-52.0,-66.0,-68.0,14
-72.0,-66.0,-59.0,-56.0,-55.0,-53.0,-63.0,-67.0,14
-70.0,-68.0,-61.0,-56.0,-57.0,-51.0,-61.0,-67.0,14
-70.0,-61.0,-62.0,-56.0,-62.0,-53.0,-64.0,-68.0,14
-70.0,-71.0,-65.0,-55.0,-62.0,-39.0,-61.0,-50.0,14
-72.0,-71.0,-63.0,-57.0,-63.0,-38.0,-63.0,-54.0,15
-66.0,-66.0,-66.0,-57.0,-58.0,-40.0,-61.0,-54.0,15
-67.0,-66.0,-63.0,-58.0,-55.0,-40.0,-62.0,-52.0,15
-69.0,-67.0,-59.0,-56.0,-57.0,-39.0,-60.0,-52.0,15
-71.0,-66.0,-65.0,-57.0,-55.0,-39.0,-60.0,-52.0,15
-68.0,-65.0,-65.0,-59.0,-56.0,-39.0,-63.0,-54.0,15
-68.0,-66.0,-64.0,-57.0,-56.0,-38.0,-59.0,-53.0,15
-69.0,-67.0,-64.0,-61.0,-58.0,-40.0,-60.0,-57.0,15
-66.0,-61.0,-66.0,-65.0,-66.0,-41.0,-61.0,-50.0,15
-65.0,-60.0,-67.0,-64.0,-62.0,-40.0,-66.0,-50.0,15
-65.0,-62.0,-66.0,-61.0,-66.0,-40.0,-64.0,-52.0,15
-64.0,-60.0,-66.0,-65.0,-68.0,-41.0,-63.0,-52.0,15
-65.0,-59.0,-67.0,-60.0,-64.0,-41.0,-62.0,-50.0,15
-66.0,-61.0,-66.0,-65.0,-61.0,-40.0,-61.0,-52.0,15
-66.0,-61.0,-67.0,-67.0,-65.0,-41.0,-62.0,-52.0,15
-67.0,-60.0,-66.0,-67.0,-70.0,-42.0,-64.0,-53.0,15
-64.0,-61.0,-66.0,-66.0,-69.0,-42.0,-64.0,-52.0,15
-64.0,-60.0,-65.0,-69.0,-62.0,-40.0,-64.0,-51.0,15
-64.0,-59.0,-65.0,-68.0,-63.0,-39.0,-65.0,-53.0,15
-65.0,-64.0,-67.0,-71.0,-63.0,-41.0,-64.0,-50.0,15
-63.0,-64.0,-65.0,-70.0,-60.0,-40.0,-61.0,-49.0,15
-65.0,-64.0,-67.0,-68.0,-63.0,-41.0,-62.0,-51.0,15
-64.0,-63.0,-66.0,-73.0,-59.0,-41.0,-68.0,-52.0,15
-69.0,-65.0,-74.0,-66.0,-54.0,-36.0,-59.0,-55.0,15
-67.0,-64.0,-73.0,-71.0,-53.0,-36.0,-56.0,-57.0,15
-69.0,-62.0,-67.0,-69.0,-56.0,-37.0,-55.0,-58.0,15
-71.0,-62.0,-64.0,-66.0,-54.0,-36.0,-54.0,-57.0,15
-70.0,-63.0,-64.0,-70.0,-54.0,-35.0,-57.0,-58.0,15
-70.0,-63.0,-63.0,-65.0,-55.0,-35.0,-57.0,-59.0,15
-69.0,-63.0,-65.0,-67.0,-54.0,-35.0,-53.0,-55.0,15
-72.0,-63.0,-66.0,-67.0,-55.0,-36.0,-58.0,-58.0,15
-71.0,-64.0,-63.0,-72.0,-51.0,-35.0,-56.0,-54.0,15
-71.0,-63.0,-60.0,-69.0,-54.0,-36.0,-56.0,-58.0,15
-73.0,-65.0,-63.0,-62.0,-55.0,-37.0,-56.0,-57.0,15
-72.0,-64.0,-60.0,-68.0,-54.0,-36.0,-56.0,-56.0,15
-71.0,-64.0,-66.0,-66.0,-54.0,-36.0,-56.0,-56.0,15
-73.0,-68.0,-73.0,-66.0,-59.0,-39.0,-57.0,-62.0,15
-75.0,-67.0,-67.0,-63.0,-58.0,-38.0,-66.0,-53.0,15
-73.0,-61.0,-69.0,-63.0,-58.0,-41.0,-58.0,-51.0,15
-75.0,-62.0,-68.0,-55.0,-64.0,-39.0,-61.0,-52.0,15
-77.0,-62.0,-67.0,-58.0,-57.0,-41.0,-54.0,-52.0,15
-74.0,-63.0,-67.0,-60.0,-60.0,-41.0,-57.0,-51.0,15
-72.0,-61.0,-67.0,-61.0,-57.0,-42.0,-57.0,-52.0,15
-74.0,-61.0,-67.0,-64.0,-58.0,-41.0,-53.0,-52.0,15
-74.0,-61.0,-65.0,-59.0,-59.0,-40.0,-55.0,-52.0,15
-73.0,-61.0,-70.0,-62.0,-61.0,-40.0,-57.0,-53.0,15
-76.0,-62.0,-71.0,-58.0,-59.0,-39.0,-56.0,-52.0,15
-75.0,-62.0,-71.0,-64.0,-58.0,-39.0,-56.0,-53.0,15
-75.0,-61.0,-68.0,-62.0,-59.0,-38.0,-57.0,-54.0,15
-77.0,-61.0,-67.0,-62.0,-59.0,-39.0,-56.0,-51.0,15
-73.0,-59.0,-65.0,-62.0,-60.0,-38.0,-56.0,-51.0,15
-74.0,-62.0,-70.0,-63.0,-58.0,-39.0,-53.0,-52.0,15
-73.0,-61.0,-72.0,-61.0,-62.0,-40.0,-56.0,-53.0,15
-74.0,-61.0,-71.0,-63.0,-57.0,-39.0,-55.0,-50.0,15
-73.0,-60.0,-68.0,-62.0,-63.0,-40.0,-56.0,-51.0,15
-73.0,-60.0,-72.0,-62.0,-57.0,-40.0,-55.0,-53.0,15
-65.0,-65.0,-53.0,-59.0,-55.0,-67.0,-58.0,-68.0,15
-66.0,-70.0,-55.0,-59.0,-62.0,-67.0,-56.0,-63.0,16
-60.0,-66.0,-53.0,-55.0,-62.0,-70.0,-61.0,-74.0,16
-64.0,-61.0,-52.0,-65.0,-61.0,-66.0,-58.0,-67.0,16
-60.0,-58.0,-53.0,-57.0,-62.0,-70.0,-59.0,-66.0,16
-67.0,-56.0,-53.0,-55.0,-62.0,-66.0,-58.0,-66.0,16
-66.0,-59.0,-55.0,-55.0,-61.0,-67.0,-58.0,-67.0,16
-67.0,-61.0,-51.0,-59.0,-57.0,-69.0,-58.0,-76.0,16
-62.0,-67.0,-51.0,-54.0,-63.0,-67.0,-58.0,-73.0,16
-60.0,-64.0,-52.0,-57.0,-61.0,-68.0,-57.0,-75.0,16
-61.0,-61.0,-57.0,-57.0,-59.0,-66.0,-55.0,-71.0,16
-64.0,-65.0,-50.0,-57.0,-67.0,-68.0,-58.0,-63.0,16
-70.0,-62.0,-49.0,-55.0,-66.0,-66.0,-62.0,-62.0,16
-65.0,-66.0,-51.0,-61.0,-62.0,-69.0,-59.0,-62.0,16
-66.0,-65.0,-50.0,-57.0,-63.0,-67.0,-60.0,-60.0,16
-68.0,-64.0,-51.0,-57.0,-63.0,-71.0,-60.0,-65.0,16
-67.0,-66.0,-50.0,-60.0,-65.0,-73.0,-59.0,-65.0,16
-66.0,-67.0,-50.0,-60.0,-63.0,-74.0,-54.0,-66.0,16
-67.0,-62.0,-50.0,-58.0,-66.0,-73.0,-60.0,-66.0,16
-66.0,-68.0,-50.0,-55.0,-68.0,-67.0,-58.0,-65.0,16
-70.0,-64.0,-49.0,-57.0,-67.0,-66.0,-58.0,-65.0,16
-63.0,-70.0,-49.0,-57.0,-62.0,-73.0,-59.0,-66.0,16
-66.0,-69.0,-51.0,-58.0,-63.0,-72.0,-58.0,-63.0,16
-70.0,-67.0,-50.0,-56.0,-64.0,-72.0,-59.0,-64.0,16
-69.0,-61.0,-57.0,-62.0,-55.0,-55.0,-57.0,-72.0,16
-69.0,-74.0,-59.0,-61.0,-57.0,-55.0,-54.0,-69.0,16
-66.0,-61.0,-58.0,-60.0,-58.0,-57.0,-56.0,-65.0,16
-65.0,-62.0,-57.0,-62.0,-56.0,-56.0,-56.0,-63.0,16
-67.0,-62.0,-60.0,-59.0,-57.0,-56.0,-55.0,-61.0,16
-63.0,-63.0,-59.0,-64.0,-54.0,-57.0,-56.0,-62.0,16
-67.0,-61.0,-61.0,-64.0,-57.0,-56.0,-57.0,-62.0,16
-65.0,-63.0,-59.0,-63.0,-57.0,-57.0,-57.0,-61.0,16
-67.0,-62.0,-59.0,-61.0,-57.0,-57.0,-56.0,-58.0,16
-64.0,-63.0,-58.0,-60.0,-57.0,-54.0,-55.0,-57.0,16
-63.0,-62.0,-60.0,-60.0,-58.0,-55.0,-55.0,-64.0,16
-68.0,-63.0,-61.0,-61.0,-59.0,-57.0,-57.0,-64.0,16
-64.0,-62.0,-58.0,-61.0,-64.0,-53.0,-59.0,-64.0,16
-64.0,-61.0,-55.0,-59.0,-62.0,-56.0,-59.0,-64.0,16
-68.0,-61.0,-54.0,-56.0,-61.0,-59.0,-59.0,-64.0,16
-68.0,-63.0,-53.0,-58.0,-70.0,-55.0,-55.0,-58.0,16
-67.0,-63.0,-51.0,-57.0,-62.0,-57.0,-57.0,-65.0,16
-67.0,-63.0,-50.0,-57.0,-62.0,-56.0,-59.0,-65.0,16
-70.0,-67.0,-50.0,-54.0,-59.0,-58.0,-59.0,-67.0,16
-67.0,-59.0,-60.0,-55.0,-63.0,-56.0,-73.0,-66.0,16
-68.0,-63.0,-60.0,-57.0,-60.0,-58.0,-72.0,-69.0,16
-65.0,-70.0,-60.0,-58.0,-63.0,-56.0,-68.0,-68.0,16
-66.0,-72.0,-58.0,-55.0,-66.0,-57.0,-68.0,-69.0,16
-68.0,-67.0,-61.0,-57.0,-66.0,-58.0,-78.0,-67.0,16
-65.0,-67.0,-57.0,-56.0,-65.0,-59.0,-69.0,-68.0,16
-66.0,-69.0,-58.0,-57.0,-66.0,-58.0,-71.0,-66.0,16
-70.0,-66.0,-58.0,-55.0,-64.0,-58.0,-70.0,-68.0,16
-73.0,-66.0,-59.0,-57.0,-76.0,-62.0,-69.0,-69.0,16
-72.0,-68.0,-58.0,-57.0,-65.0,-58.0,-74.0,-63.0,16
-68.0,-68.0,-57.0,-57.0,-68.0,-63.0,-68.0,-65.0,16
-66.0,-65.0,-56.0,-57.0,-65.0,-62.0,-69.0,-66.0,16
-68.0,-67.0,-56.0,-55.0,-65.0,-58.0,-75.0,-66.0,16
-67.0,-60.0,-56.0,-66.0,-61.0,-58.0,-74.0,-67.0,16
-69.0,-60.0,-59.0,-57.0,-61.0,-57.0,-73.0,-67.0,16
-67.0,-61.0,-56.0,-57.0,-62.0,-56.0,-70.0,-68.0,16
-69.0,-63.0,-55.0,-55.0,-65.0,-58.0,-74.0,-67.0,16
-68.0,-62.0,-63.0,-56.0,-64.0,-57.0,-70.0,-66.0,16
-69.0,-62.0,-54.0,-60.0,-64.0,-60.0,-68.0,-63.0,16
-71.0,-61.0,-57.0,-57.0,-66.0,-59.0,-68.0,-69.0,16
-65.0,-59.0,-52.0,-54.0,-65.0,-67.0,-57.0,-65.0,16
-64.0,-58.0,-51.0,-54.0,-65.0,-69.0,-55.0,-63.0,17
-63.0,-58.0,-50.0,-52.0,-69.0,-67.0,-57.0,-63.0,17
-65.0,-58.0,-51.0,-53.0,-64.0,-67.0,-55.0,-64.0,17
-61.0,-59.0,-51.0,-53.0,-66.0,-68.0,-56.0,-64.0,17
-64.0,-59.0,-51.0,-50.0,-65.0,-65.0,-56.0,-64.0,17
-63.0,-59.0,-51.0,-51.0,-62.0,-67.0,-57.0,-65.0,17
-62.0,-60.0,-51.0,-52.0,-63.0,-66.0,-57.0,-69.0,17
-61.0,-59.0,-52.0,-55.0,-66.0,-70.0,-57.0,-68.0,17
-63.0,-62.0,-50.0,-52.0,-64.0,-67.0,-59.0,-68.0,17
-70.0,-64.0,-61.0,-53.0,-56.0,-55.0,-65.0,-63.0,17
-64.0,-64.0,-56.0,-52.0,-56.0,-58.0,-62.0,-67.0,17
-61.0,-65.0,-57.0,-53.0,-58.0,-59.0,-63.0,-67.0,17
-61.0,-66.0,-57.0,-55.0,-60.0,-59.0,-62.0,-67.0,17
-61.0,-62.0,-57.0,-53.0,-60.0,-58.0,-61.0,-67.0,17
-61.0,-66.0,-58.0,-54.0,-59.0,-57.0,-62.0,-68.0,17
-61.0,-63.0,-58.0,-56.0,-71.0,-58.0,-61.0,-77.0,17
-61.0,-64.0,-57.0,-56.0,-60.0,-59.0,-62.0,-67.0,17
-61.0,-66.0,-59.0,-55.0,-60.0,-58.0,-64.0,-67.0,17
-61.0,-67.0,-57.0,-55.0,-59.0,-58.0,-62.0,-68.0,17
-63.0,-68.0,-57.0,-54.0,-60.0,-58.0,-64.0,-68.0,17
-64.0,-67.0,-58.0,-55.0,-61.0,-59.0,-63.0,-66.0,17
-62.0,-67.0,-59.0,-55.0,-60.0,-58.0,-63.0,-66.0,17
-63.0,-66.0,-58.0,-54.0,-60.0,-59.0,-63.0,-68.0,17
-63.0,-63.0,-58.0,-53.0,-60.0,-59.0,-62.0,-67.0,17
-61.0,-60.0,-56.0,-55.0,-61.0,-60.0,-67.0,-66.0,17
-60.0,-67.0,-58.0,-56.0,-59.0,-55.0,-63.0,-68.0,17
-65.0,-66.0,-57.0,-53.0,-59.0,-56.0,-63.0,-66.0,17
-64.0,-63.0,-60.0,-56.0,-60.0,-50.0,-66.0,-70.0,17
-65.0,-65.0,-64.0,-60.0,-57.0,-53.0,-66.0,-72.0,17
-61.0,-65.0,-65.0,-57.0,-58.0,-54.0,-68.0,-70.0,17
-64.0,-63.0,-66.0,-57.0,-58.0,-55.0,-63.0,-69.0,17
-64.0,-65.0,-60.0,-57.0,-58.0,-51.0,-64.0,-71.0,17
-61.0,-66.0,-65.0,-57.0,-56.0,-52.0,-63.0,-71.0,17
-62.0,-65.0,-63.0,-58.0,-56.0,-51.0,-64.0,-61.0,17
-64.0,-65.0,-65.0,-55.0,-60.0,-52.0,-64.0,-64.0,17
-61.0,-65.0,-63.0,-58.0,-57.0,-51.0,-62.0,-64.0,17
-64.0,-65.0,-60.0,-58.0,-55.0,-52.0,-55.0,-65.0,17
-64.0,-65.0,-61.0,-56.0,-56.0,-52.0,-55.0,-64.0,17
-63.0,-64.0,-62.0,-55.0,-55.0,-53.0,-55.0,-65.0,17
-60.0,-66.0,-63.0,-59.0,-55.0,-52.0,-55.0,-64.0,17
-63.0,-65.0,-63.0,-56.0,-56.0,-51.0,-60.0,-64.0,17
-64.0,-67.0,-65.0,-56.0,-55.0,-52.0,-56.0,-62.0,17
-64.0,-65.0,-63.0,-65.0,-55.0,-51.0,-55.0,-64.0,17
-62.0,-66.0,-63.0,-55.0,-54.0,-50.0,-54.0,-63.0,17
-64.0,-63.0,-63.0,-56.0,-55.0,-51.0,-55.0,-65.0,17
-64.0,-66.0,-60.0,-52.0,-55.0,-50.0,-54.0,-64.0,17
-64.0,-68.0,-63.0,-56.0,-55.0,-52.0,-54.0,-62.0,17
-65.0,-59.0,-56.0,-64.0,-54.0,-63.0,-57.0,-68.0,17
-62.0,-62.0,-55.0,-61.0,-55.0,-58.0,-55.0,-69.0,17
-62.0,-61.0,-56.0,-65.0,-54.0,-63.0,-56.0,-70.0,17
-64.0,-60.0,-56.0,-62.0,-55.0,-64.0,-55.0,-68.0,17
-64.0,-59.0,-55.0,-58.0,-55.0,-63.0,-55.0,-68.0,17
-65.0,-62.0,-56.0,-64.0,-56.0,-66.0,-55.0,-70.0,17
-63.0,-62.0,-55.0,-62.0,-54.0,-62.0,-55.0,-67.0,17
-63.0,-60.0,-56.0,-62.0,-56.0,-63.0,-56.0,-69.0,17
-65.0,-61.0,-55.0,-61.0,-56.0,-62.0,-57.0,-68.0,17
-65.0,-62.0,-56.0,-64.0,-55.0,-61.0,-56.0,-70.0,17
-64.0,-72.0,-55.0,-56.0,-52.0,-63.0,-56.0,-69.0,17
-65.0,-61.0,-56.0,-62.0,-54.0,-60.0,-56.0,-70.0,17
-62.0,-62.0,-55.0,-64.0,-54.0,-64.0,-56.0,-70.0,17
-66.0,-61.0,-54.0,-64.0,-56.0,-64.0,-57.0,-69.0,17
-63.0,-60.0,-55.0,-60.0,-54.0,-63.0,-57.0,-68.0,17
-66.0,-60.0,-56.0,-60.0,-54.0,-62.0,-58.0,-67.0,17
-66.0,-71.0,-55.0,-60.0,-54.0,-63.0,-56.0,-67.0,17
-62.0,-60.0,-55.0,-63.0,-55.0,-62.0,-56.0,-68.0,17
-66.0,-61.0,-56.0,-61.0,-55.0,-62.0,-56.0,-69.0,17
-66.0,-59.0,-55.0,-62.0,-54.0,-65.0,-57.0,-70.0,17
-65.0,-61.0,-54.0,-62.0,-53.0,-64.0,-56.0,-69.0,17
-65.0,-60.0,-55.0,-60.0,-55.0,-64.0,-56.0,-69.0,17
-67.0,-59.0,-59.0,-61.0,-64.0,-66.0,-59.0,-72.0,17
-70.0,-59.0,-55.0,-61.0,-58.0,-73.0,-58.0,-74.0,18
-70.0,-60.0,-55.0,-64.0,-62.0,-75.0,-58.0,-68.0,18
-70.0,-58.0,-66.0,-65.0,-65.0,-74.0,-57.0,-73.0,18
-67.0,-59.0,-56.0,-60.0,-65.0,-69.0,-59.0,-71.0,18
-68.0,-59.0,-56.0,-62.0,-60.0,-78.0,-60.0,-68.0,18
-66.0,-60.0,-57.0,-59.0,-63.0,-68.0,-58.0,-68.0,18
-63.0,-59.0,-56.0,-60.0,-67.0,-76.0,-57.0,-66.0,18
-66.0,-61.0,-56.0,-65.0,-63.0,-74.0,-56.0,-67.0,18
-67.0,-59.0,-56.0,-62.0,-64.0,-71.0,-59.0,-71.0,18
-70.0,-65.0,-59.0,-60.0,-58.0,-58.0,-66.0,-69.0,18
-72.0,-64.0,-61.0,-60.0,-56.0,-60.0,-67.0,-69.0,18
-73.0,-65.0,-62.0,-60.0,-57.0,-59.0,-67.0,-68.0,18
-70.0,-63.0,-62.0,-60.0,-60.0,-62.0,-65.0,-68.0,18
-71.0,-64.0,-57.0,-59.0,-58.0,-62.0,-64.0,-66.0,18
-70.0,-65.0,-62.0,-60.0,-58.0,-65.0,-65.0,-66.0,18
-75.0,-63.0,-63.0,-61.0,-57.0,-63.0,-66.0,-68.0,18
-71.0,-64.0,-61.0,-62.0,-58.0,-59.0,-66.0,-66.0,18
-71.0,-63.0,-66.0,-61.0,-56.0,-66.0,-66.0,-71.0,18
-73.0,-64.0,-63.0,-58.0,-58.0,-66.0,-65.0,-66.0,18
-74.0,-74.0,-65.0,-55.0,-51.0,-55.0,-68.0,-60.0,18
-72.0,-78.0,-66.0,-55.0,-51.0,-61.0,-74.0,-60.0,18
-69.0,-76.0,-71.0,-57.0,-48.0,-56.0,-64.0,-58.0,18
-69.0,-74.0,-70.0,-59.0,-52.0,-55.0,-61.0,-58.0,18
-71.0,-80.0,-71.0,-56.0,-49.0,-53.0,-63.0,-58.0,18
-70.0,-78.0,-67.0,-59.0,-52.0,-53.0,-63.0,-58.0,18
-71.0,-81.0,-66.0,-58.0,-51.0,-53.0,-63.0,-56.0,18
-66.0,-78.0,-67.0,-57.0,-50.0,-54.0,-64.0,-57.0,18
-71.0,-80.0,-66.0,-57.0,-51.0,-54.0,-64.0,-58.0,18
-66.0,-83.0,-65.0,-60.0,-52.0,-54.0,-64.0,-58.0,18
-70.0,-79.0,-67.0,-58.0,-52.0,-55.0,-66.0,-55.0,18
-71.0,-79.0,-67.0,-64.0,-51.0,-53.0,-63.0,-59.0,18
-70.0,-76.0,-70.0,-56.0,-52.0,-54.0,-65.0,-58.0,18
-71.0,-76.0,-69.0,-54.0,-51.0,-55.0,-63.0,-61.0,18
-70.0,-73.0,-66.0,-53.0,-53.0,-56.0,-59.0,-59.0,18
-69.0,-73.0,-67.0,-53.0,-52.0,-56.0,-64.0,-57.0,18
-71.0,-76.0,-70.0,-52.0,-50.0,-57.0,-60.0,-59.0,18
-74.0,-74.0,-61.0,-55.0,-52.0,-55.0,-64.0,-64.0,18
-67.0,-72.0,-63.0,-54.0,-52.0,-55.0,-66.0,-59.0,18
-70.0,-74.0,-65.0,-56.0,-48.0,-57.0,-64.0,-60.0,18
-65.0,-65.0,-73.0,-55.0,-60.0,-60.0,-61.0,-63.0,18
-65.0,-64.0,-73.0,-52.0,-62.0,-59.0,-60.0,-63.0,18
-61.0,-64.0,-72.0,-53.0,-65.0,-58.0,-58.0,-64.0,18
-61.0,-66.0,-79.0,-55.0,-66.0,-59.0,-61.0,-61.0,18
-63.0,-64.0,-71.0,-56.0,-64.0,-58.0,-65.0,-62.0,18
-62.0,-68.0,-74.0,-57.0,-60.0,-60.0,-78.0,-65.0,18
-64.0,-66.0,-70.0,-57.0,-60.0,-62.0,-66.0,-65.0,18
-62.0,-66.0,-69.0,-53.0,-60.0,-60.0,-66.0,-63.0,18
-58.0,-67.0,-69.0,-53.0,-63.0,-58.0,-68.0,-63.0,18
-61.0,-68.0,-67.0,-54.0,-61.0,-59.0,-66.0,-68.0,18
-60.0,-70.0,-66.0,-56.0,-60.0,-57.0,-67.0,-67.0,18
-63.0,-67.0,-66.0,-55.0,-60.0,-60.0,-64.0,-66.0,18
-58.0,-61.0,-65.0,-54.0,-59.0,-61.0,-64.0,-67.0,18
-62.0,-64.0,-61.0,-53.0,-60.0,-59.0,-67.0,-68.0,18
-62.0,-63.0,-69.0,-54.0,-59.0,-61.0,-65.0,-69.0,18
-62.0,-63.0,-65.0,-54.0,-58.0,-63.0,-64.0,-68.0,18
-62.0,-61.0,-65.0,-54.0,-57.0,-61.0,-64.0,-68.0,18
-61.0,-64.0,-64.0,-54.0,-59.0,-63.0,-62.0,-67.0,18
-62.0,-61.0,-76.0,-51.0,-59.0,-64.0,-61.0,-69.0,18
-63.0,-67.0,-67.0,-54.0,-62.0,-64.0,-65.0,-67.0,18
-63.0,-65.0,-68.0,-54.0,-57.0,-62.0,-66.0,-67.0,18
-64.0,-65.0,-56.0,-52.0,-59.0,-60.0,-61.0,-54.0,18
-64.0,-62.0,-57.0,-53.0,-55.0,-58.0,-59.0,-55.0,19
-64.0,-63.0,-56.0,-53.0,-59.0,-55.0,-59.0,-56.0,19
-61.0,-66.0,-56.0,-51.0,-57.0,-58.0,-59.0,-56.0,19
-64.0,-63.0,-55.0,-53.0,-57.0,-58.0,-57.0,-54.0,19
-64.0,-62.0,-56.0,-54.0,-57.0,-58.0,-58.0,-55.0,19
-64.0,-66.0,-57.0,-53.0,-57.0,-58.0,-58.0,-55.0,19
-64.0,-64.0,-54.0,-53.0,-58.0,-57.0,-60.0,-56.0,19
-62.0,-65.0,-56.0,-54.0,-58.0,-56.0,-59.0,-55.0,19
-66.0,-66.0,-56.0,-54.0,-60.0,-56.0,-60.0,-56.0,19
-68.0,-64.0,-57.0,-54.0,-59.0,-56.0,-59.0,-55.0,19
-67.0,-72.0,-57.0,-54.0,-59.0,-61.0,-60.0,-55.0,19
-60.0,-64.0,-56.0,-51.0,-60.0,-49.0,-65.0,-64.0,19
-61.0,-68.0,-56.0,-52.0,-62.0,-47.0,-66.0,-64.0,19
-62.0,-69.0,-55.0,-53.0,-60.0,-47.0,-67.0,-64.0,19
-62.0,-71.0,-57.0,-51.0,-63.0,-47.0,-65.0,-63.0,19
-63.0,-71.0,-56.0,-52.0,-63.0,-46.0,-64.0,-62.0,19
-62.0,-69.0,-56.0,-52.0,-62.0,-47.0,-65.0,-63.0,19
-62.0,-69.0,-55.0,-52.0,-58.0,-47.0,-62.0,-64.0,19
-61.0,-69.0,-56.0,-52.0,-62.0,-46.0,-64.0,-64.0,19
-61.0,-70.0,-56.0,-53.0,-63.0,-46.0,-64.0,-60.0,19
-62.0,-70.0,-56.0,-53.0,-63.0,-47.0,-63.0,-63.0,19
-61.0,-62.0,-57.0,-51.0,-66.0,-47.0,-67.0,-63.0,19
-77.0,-68.0,-66.0,-56.0,-58.0,-57.0,-60.0,-62.0,19
-71.0,-78.0,-66.0,-55.0,-56.0,-59.0,-60.0,-65.0,19
-75.0,-76.0,-66.0,-55.0,-58.0,-58.0,-62.0,-60.0,19
-76.0,-74.0,-68.0,-57.0,-58.0,-60.0,-60.0,-60.0,19
-74.0,-72.0,-67.0,-56.0,-57.0,-59.0,-63.0,-59.0,19
-74.0,-74.0,-66.0,-56.0,-57.0,-59.0,-63.0,-62.0,19
-72.0,-72.0,-65.0,-54.0,-58.0,-60.0,-63.0,-63.0,19
-76.0,-74.0,-65.0,-55.0,-55.0,-61.0,-62.0,-63.0,19
-76.0,-74.0,-66.0,-53.0,-56.0,-60.0,-65.0,-62.0,19
-72.0,-77.0,-66.0,-55.0,-57.0,-60.0,-63.0,-62.0,19
-78.0,-74.0,-66.0,-54.0,-56.0,-58.0,-63.0,-63.0,19
-75.0,-73.0,-67.0,-56.0,-53.0,-57.0,-62.0,-62.0,19
-74.0,-74.0,-66.0,-54.0,-55.0,-57.0,-61.0,-62.0,19
-72.0,-75.0,-65.0,-56.0,-56.0,-58.0,-61.0,-61.0,19
-73.0,-74.0,-68.0,-56.0,-54.0,-59.0,-62.0,-62.0,19
-75.0,-74.0,-67.0,-56.0,-54.0,-58.0,-56.0,-60.0,19
-74.0,-80.0,-66.0,-65.0,-55.0,-56.0,-63.0,-60.0,19
-67.0,-61.0,-74.0,-52.0,-60.0,-47.0,-67.0,-63.0,19
-67.0,-62.0,-67.0,-52.0,-62.0,-48.0,-65.0,-62.0,19
-67.0,-68.0,-66.0,-52.0,-61.0,-48.0,-65.0,-64.0,19
-67.0,-65.0,-66.0,-53.0,-62.0,-48.0,-67.0,-66.0,19
-66.0,-61.0,-68.0,-53.0,-60.0,-47.0,-67.0,-68.0,19
-71.0,-60.0,-77.0,-53.0,-64.0,-48.0,-67.0,-65.0,19
-67.0,-62.0,-66.0,-52.0,-62.0,-47.0,-66.0,-64.0,19
-69.0,-64.0,-67.0,-53.0,-63.0,-49.0,-66.0,-63.0,19
-69.0,-59.0,-66.0,-53.0,-65.0,-47.0,-65.0,-66.0,19
-67.0,-59.0,-67.0,-53.0,-64.0,-49.0,-66.0,-66.0,19
-67.0,-62.0,-66.0,-53.0,-63.0,-48.0,-67.0,-65.0,19
-64.0,-61.0,-67.0,-54.0,-63.0,-47.0,-65.0,-65.0,19
-68.0,-63.0,-66.0,-52.0,-63.0,-49.0,-64.0,-70.0,19
-71.0,-62.0,-65.0,-53.0,-65.0,-48.0,-67.0,-63.0,19
-67.0,-65.0,-68.0,-53.0,-63.0,-49.0,-67.0,-67.0,19
-67.0,-65.0,-67.0,-52.0,-65.0,-51.0,-66.0,-68.0,19
-71.0,-66.0,-67.0,-53.0,-59.0,-48.0,-64.0,-67.0,19
-71.0,-65.0,-68.0,-52.0,-66.0,-48.0,-68.0,-67.0,19
-70.0,-67.0,-66.0,-52.0,-63.0,-49.0,-66.0,-66.0,19
-72.0,-64.0,-66.0,-53.0,-62.0,-48.0,-66.0,-64.0,19
-66.0,-65.0,-65.0,-53.0,-62.0,-47.0,-66.0,-63.0,19
-62.0,-67.0,-67.0,-62.0,-48.0,-62.0,-57.0,-55.0,19
-61.0,-62.0,-62.0,-65.0,-49.0,-62.0,-57.0,-53.0,20
-63.0,-66.0,-63.0,-64.0,-50.0,-62.0,-57.0,-54.0,20
-64.0,-66.0,-65.0,-64.0,-52.0,-71.0,-57.0,-55.0,20
-63.0,-68.0,-65.0,-57.0,-51.0,-72.0,-57.0,-54.0,20
-71.0,-63.0,-69.0,-58.0,-67.0,-64.0,-62.0,-54.0,20
-71.0,-64.0,-67.0,-57.0,-68.0,-56.0,-59.0,-52.0,20
-81.0,-63.0,-70.0,-57.0,-65.0,-57.0,-60.0,-52.0,20
-70.0,-65.0,-74.0,-59.0,-66.0,-57.0,-58.0,-52.0,20
-69.0,-67.0,-68.0,-59.0,-72.0,-56.0,-59.0,-52.0,20
-69.0,-65.0,-68.0,-57.0,-62.0,-60.0,-60.0,-53.0,20
-67.0,-65.0,-66.0,-61.0,-55.0,-63.0,-58.0,-53.0,20
-70.0,-70.0,-67.0,-57.0,-67.0,-55.0,-58.0,-54.0,20
-70.0,-66.0,-67.0,-54.0,-67.0,-58.0,-58.0,-51.0,20
-71.0,-71.0,-67.0,-56.0,-63.0,-62.0,-59.0,-53.0,20
-69.0,-69.0,-66.0,-56.0,-56.0,-59.0,-59.0,-53.0,20
-69.0,-71.0,-72.0,-59.0,-63.0,-61.0,-59.0,-53.0,20
-67.0,-70.0,-69.0,-63.0,-62.0,-66.0,-60.0,-50.0,20
-68.0,-64.0,-65.0,-62.0,-51.0,-60.0,-72.0,-57.0,20
-70.0,-67.0,-63.0,-61.0,-52.0,-55.0,-65.0,-59.0,20
-68.0,-67.0,-66.0,-58.0,-51.0,-56.0,-66.0,-58.0,20
-69.0,-65.0,-62.0,-59.0,-54.0,-58.0,-67.0,-58.0,20
-70.0,-66.0,-67.0,-60.0,-56.0,-56.0,-66.0,-59.0,20
-71.0,-65.0,-62.0,-61.0,-56.0,-56.0,-67.0,-59.0,20
-68.0,-66.0,-64.0,-60.0,-49.0,-59.0,-68.0,-57.0,20
-69.0,-64.0,-64.0,-60.0,-54.0,-52.0,-68.0,-53.0,20
-70.0,-63.0,-63.0,-63.0,-55.0,-56.0,-71.0,-61.0,20
-71.0,-67.0,-66.0,-62.0,-52.0,-57.0,-70.0,-58.0,20
-63.0,-64.0,-64.0,-60.0,-53.0,-59.0,-69.0,-57.0,20
-67.0,-65.0,-66.0,-64.0,-49.0,-59.0,-68.0,-54.0,20
-64.0,-63.0,-64.0,-61.0,-53.0,-57.0,-69.0,-58.0,20
-69.0,-65.0,-62.0,-61.0,-48.0,-55.0,-69.0,-55.0,20
-71.0,-67.0,-65.0,-62.0,-49.0,-56.0,-69.0,-58.0,20
-65.0,-65.0,-70.0,-59.0,-50.0,-62.0,-66.0,-60.0,20
-64.0,-63.0,-73.0,-57.0,-51.0,-69.0,-67.0,-65.0,20
-63.0,-63.0,-69.0,-55.0,-54.0,-67.0,-71.0,-63.0,20
-66.0,-64.0,-71.0,-55.0,-52.0,-67.0,-72.0,-63.0,20
-65.0,-64.0,-72.0,-56.0,-51.0,-65.0,-67.0,-63.0,20
-65.0,-70.0,-71.0,-55.0,-52.0,-65.0,-69.0,-59.0,20
-63.0,-63.0,-67.0,-58.0,-56.0,-64.0,-70.0,-61.0,20
-64.0,-64.0,-69.0,-57.0,-53.0,-65.0,-67.0,-62.0,20
-64.0,-63.0,-66.0,-57.0,-54.0,-65.0,-70.0,-57.0,20
-65.0,-62.0,-68.0,-56.0,-50.0,-68.0,-69.0,-64.0,20
-66.0,-64.0,-68.0,-57.0,-51.0,-66.0,-69.0,-63.0,20
-65.0,-63.0,-70.0,-56.0,-53.0,-66.0,-69.0,-61.0,20
-65.0,-64.0,-68.0,-57.0,-50.0,-57.0,-68.0,-63.0,20
-64.0,-64.0,-70.0,-54.0,-49.0,-62.0,-67.0,-62.0,20
-64.0,-65.0,-64.0,-56.0,-50.0,-62.0,-67.0,-61.0,20
-65.0,-64.0,-69.0,-57.0,-50.0,-59.0,-64.0,-61.0,20
-70.0,-62.0,-47.0,-55.0,-68.0,-58.0,-66.0,-63.0,20
-69.0,-63.0,-44.0,-53.0,-75.0,-62.0,-70.0,-62.0,21
-70.0,-63.0,-45.0,-55.0,-65.0,-58.0,-68.0,-63.0,21
-69.0,-64.0,-47.0,-55.0,-68.0,-58.0,-75.0,-62.0,21
-70.0,-64.0,-45.0,-56.0,-68.0,-59.0,-67.0,-61.0,21
-71.0,-63.0,-44.0,-55.0,-68.0,-58.0,-66.0,-63.0,21
-73.0,-65.0,-45.0,-56.0,-68.0,-58.0,-68.0,-62.0,21
-70.0,-63.0,-48.0,-55.0,-64.0,-59.0,-67.0,-64.0,21
-69.0,-62.0,-44.0,-65.0,-64.0,-60.0,-68.0,-63.0,21
-69.0,-62.0,-43.0,-56.0,-66.0,-59.0,-71.0,-62.0,21
-67.0,-61.0,-46.0,-57.0,-67.0,-59.0,-71.0,-61.0,21
-67.0,-67.0,-46.0,-59.0,-61.0,-56.0,-64.0,-66.0,21
-67.0,-64.0,-46.0,-60.0,-59.0,-56.0,-62.0,-65.0,21
-66.0,-62.0,-46.0,-60.0,-56.0,-54.0,-61.0,-67.0,21
-68.0,-60.0,-47.0,-59.0,-58.0,-54.0,-64.0,-67.0,21
-67.0,-64.0,-47.0,-61.0,-58.0,-52.0,-64.0,-65.0,21
-67.0,-63.0,-47.0,-60.0,-57.0,-56.0,-63.0,-66.0,21
-67.0,-64.0,-47.0,-57.0,-59.0,-56.0,-65.0,-65.0,21
-67.0,-64.0,-48.0,-61.0,-60.0,-56.0,-62.0,-64.0,21
-67.0,-63.0,-47.0,-62.0,-58.0,-56.0,-61.0,-65.0,21
-63.0,-64.0,-47.0,-59.0,-58.0,-57.0,-64.0,-65.0,21
-66.0,-64.0,-47.0,-59.0,-59.0,-56.0,-63.0,-64.0,21
-67.0,-67.0,-58.0,-51.0,-65.0,-52.0,-57.0,-68.0,21
-67.0,-65.0,-55.0,-52.0,-62.0,-51.0,-59.0,-66.0,21
-66.0,-67.0,-55.0,-51.0,-65.0,-50.0,-59.0,-67.0,21
-69.0,-68.0,-59.0,-50.0,-62.0,-50.0,-58.0,-68.0,21
-68.0,-69.0,-55.0,-51.0,-60.0,-50.0,-58.0,-68.0,21
-62.0,-67.0,-57.0,-50.0,-59.0,-50.0,-57.0,-68.0,21
-67.0,-68.0,-52.0,-51.0,-63.0,-49.0,-58.0,-67.0,21
-67.0,-69.0,-53.0,-50.0,-62.0,-50.0,-57.0,-68.0,21
-66.0,-67.0,-54.0,-50.0,-66.0,-51.0,-58.0,-68.0,21
-67.0,-68.0,-55.0,-51.0,-64.0,-50.0,-59.0,-69.0,21
-65.0,-67.0,-54.0,-50.0,-65.0,-50.0,-59.0,-67.0,21
-65.0,-68.0,-55.0,-50.0,-66.0,-50.0,-57.0,-68.0,21
-69.0,-68.0,-53.0,-51.0,-65.0,-50.0,-55.0,-67.0,21
-65.0,-69.0,-53.0,-51.0,-65.0,-51.0,-59.0,-70.0,21
-67.0,-70.0,-58.0,-51.0,-66.0,-50.0,-59.0,-68.0,21
-67.0,-68.0,-55.0,-50.0,-64.0,-50.0,-58.0,-68.0,21
-68.0,-70.0,-56.0,-47.0,-65.0,-51.0,-58.0,-69.0,21
-76.0,-71.0,-55.0,-53.0,-63.0,-56.0,-68.0,-63.0,21
-77.0,-64.0,-52.0,-60.0,-67.0,-55.0,-69.0,-63.0,21
-77.0,-67.0,-53.0,-62.0,-59.0,-54.0,-69.0,-62.0,21
-75.0,-68.0,-52.0,-60.0,-61.0,-56.0,-72.0,-57.0,21
-76.0,-70.0,-56.0,-61.0,-62.0,-53.0,-69.0,-62.0,21
-76.0,-69.0,-56.0,-60.0,-61.0,-55.0,-68.0,-61.0,21
-74.0,-69.0,-55.0,-64.0,-62.0,-55.0,-78.0,-57.0,21
-75.0,-68.0,-54.0,-60.0,-60.0,-55.0,-70.0,-59.0,21
-75.0,-71.0,-56.0,-61.0,-62.0,-54.0,-67.0,-58.0,21
-76.0,-67.0,-54.0,-60.0,-58.0,-55.0,-70.0,-59.0,21
-75.0,-68.0,-54.0,-61.0,-63.0,-54.0,-71.0,-61.0,21
-76.0,-69.0,-56.0,-61.0,-63.0,-55.0,-70.0,-60.0,21
-77.0,-69.0,-56.0,-58.0,-62.0,-55.0,-71.0,-61.0,21
-75.0,-67.0,-56.0,-60.0,-61.0,-54.0,-68.0,-60.0,21
-73.0,-71.0,-57.0,-58.0,-62.0,-52.0,-68.0,-56.0,21
-76.0,-68.0,-56.0,-61.0,-61.0,-55.0,-70.0,-60.0,21
-76.0,-71.0,-56.0,-60.0,-61.0,-55.0,-70.0,-60.0,21
-76.0,-68.0,-56.0,-59.0,-61.0,-55.0,-69.0,-60.0,21
-75.0,-71.0,-55.0,-61.0,-62.0,-55.0,-70.0,-59.0,21
-77.0,-70.0,-55.0,-62.0,-62.0,-55.0,-70.0,-60.0,21
-77.0,-68.0,-54.0,-61.0,-62.0,-56.0,-71.0,-60.0,21
-75.0,-71.0,-56.0,-62.0,-62.0,-55.0,-71.0,-61.0,21
-77.0,-70.0,-52.0,-61.0,-60.0,-52.0,-71.0,-61.0,21
-76.0,-70.0,-52.0,-60.0,-64.0,-54.0,-70.0,-61.0,21
-66.0,-66.0,-54.0,-58.0,-59.0,-53.0,-57.0,-66.0,21
-68.0,-70.0,-54.0,-54.0,-55.0,-53.0,-62.0,-76.0,22
-69.0,-65.0,-53.0,-51.0,-54.0,-51.0,-62.0,-76.0,22
-69.0,-68.0,-52.0,-52.0,-54.0,-55.0,-59.0,-67.0,22
-68.0,-68.0,-52.0,-54.0,-57.0,-53.0,-62.0,-68.0,22
-67.0,-68.0,-54.0,-55.0,-57.0,-53.0,-60.0,-67.0,22
-70.0,-63.0,-52.0,-59.0,-57.0,-55.0,-60.0,-67.0,22
-64.0,-63.0,-51.0,-57.0,-57.0,-55.0,-58.0,-67.0,22
-65.0,-65.0,-54.0,-56.0,-57.0,-53.0,-58.0,-65.0,22
-65.0,-64.0,-52.0,-53.0,-55.0,-53.0,-57.0,-63.0,22
-65.0,-62.0,-65.0,-61.0,-55.0,-59.0,-59.0,-67.0,22
-60.0,-64.0,-57.0,-59.0,-56.0,-57.0,-57.0,-66.0,22
-62.0,-62.0,-61.0,-61.0,-57.0,-59.0,-60.0,-71.0,22
-63.0,-58.0,-65.0,-56.0,-57.0,-57.0,-59.0,-77.0,22
-63.0,-61.0,-65.0,-54.0,-53.0,-59.0,-60.0,-69.0,22
-64.0,-62.0,-65.0,-56.0,-57.0,-59.0,-54.0,-71.0,22
-64.0,-59.0,-58.0,-56.0,-57.0,-59.0,-59.0,-71.0,22
-62.0,-60.0,-58.0,-58.0,-58.0,-55.0,-57.0,-71.0,22
-63.0,-63.0,-67.0,-60.0,-56.0,-56.0,-59.0,-67.0,22
-63.0,-64.0,-59.0,-60.0,-56.0,-57.0,-58.0,-67.0,22
-62.0,-64.0,-63.0,-58.0,-56.0,-57.0,-59.0,-68.0,22
-65.0,-63.0,-61.0,-53.0,-55.0,-57.0,-57.0,-70.0,22
-80.0,-64.0,-63.0,-49.0,-52.0,-53.0,-61.0,-66.0,22
-81.0,-66.0,-61.0,-52.0,-52.0,-52.0,-65.0,-67.0,22
-78.0,-67.0,-60.0,-53.0,-51.0,-51.0,-61.0,-66.0,22
-73.0,-64.0,-61.0,-53.0,-51.0,-52.0,-64.0,-65.0,22
-74.0,-67.0,-64.0,-53.0,-52.0,-51.0,-63.0,-66.0,22
-72.0,-66.0,-63.0,-51.0,-52.0,-52.0,-62.0,-66.0,22
-69.0,-66.0,-60.0,-52.0,-55.0,-53.0,-57.0,-66.0,22
-78.0,-68.0,-60.0,-51.0,-51.0,-51.0,-61.0,-67.0,22
-81.0,-66.0,-60.0,-49.0,-53.0,-53.0,-60.0,-69.0,22
-78.0,-70.0,-61.0,-49.0,-52.0,-53.0,-61.0,-68.0,22
-71.0,-69.0,-64.0,-52.0,-48.0,-53.0,-61.0,-68.0,22
-75.0,-68.0,-61.0,-50.0,-50.0,-54.0,-61.0,-68.0,22
-80.0,-67.0,-64.0,-51.0,-52.0,-53.0,-62.0,-67.0,22
-75.0,-68.0,-61.0,-50.0,-50.0,-53.0,-61.0,-67.0,22
-81.0,-68.0,-62.0,-53.0,-48.0,-51.0,-62.0,-68.0,22
-70.0,-64.0,-62.0,-53.0,-52.0,-51.0,-61.0,-66.0,22
-78.0,-67.0,-61.0,-52.0,-51.0,-52.0,-61.0,-69.0,22
-79.0,-64.0,-59.0,-51.0,-52.0,-53.0,-59.0,-67.0,22
-73.0,-68.0,-63.0,-52.0,-52.0,-54.0,-61.0,-66.0,22
-71.0,-68.0,-64.0,-52.0,-51.0,-54.0,-62.0,-68.0,22
-73.0,-65.0,-63.0,-51.0,-50.0,-51.0,-62.0,-68.0,22
-66.0,-60.0,-57.0,-54.0,-55.0,-55.0,-65.0,-70.0,22
-65.0,-61.0,-59.0,-51.0,-55.0,-54.0,-66.0,-68.0,22
-66.0,-64.0,-60.0,-52.0,-55.0,-57.0,-63.0,-68.0,22
-65.0,-63.0,-62.0,-49.0,-62.0,-53.0,-66.0,-69.0,22
-66.0,-59.0,-62.0,-52.0,-51.0,-55.0,-65.0,-67.0,22
-65.0,-60.0,-60.0,-56.0,-54.0,-54.0,-64.0,-67.0,22
-67.0,-57.0,-61.0,-53.0,-57.0,-52.0,-65.0,-69.0,22
-68.0,-62.0,-63.0,-52.0,-54.0,-55.0,-65.0,-68.0,22
-69.0,-59.0,-63.0,-55.0,-54.0,-56.0,-65.0,-71.0,22
-70.0,-62.0,-60.0,-55.0,-56.0,-50.0,-65.0,-73.0,22
-69.0,-60.0,-60.0,-53.0,-55.0,-55.0,-65.0,-71.0,22
-70.0,-63.0,-59.0,-55.0,-54.0,-54.0,-65.0,-72.0,22
-67.0,-61.0,-58.0,-57.0,-55.0,-54.0,-65.0,-72.0,22
-69.0,-62.0,-58.0,-55.0,-55.0,-55.0,-66.0,-71.0,22
-66.0,-60.0,-58.0,-60.0,-54.0,-55.0,-65.0,-73.0,22
-68.0,-61.0,-54.0,-57.0,-57.0,-57.0,-65.0,-72.0,22
-67.0,-63.0,-57.0,-54.0,-56.0,-57.0,-65.0,-70.0,22
-66.0,-58.0,-65.0,-45.0,-70.0,-62.0,-66.0,-67.0,22
-65.0,-57.0,-71.0,-45.0,-60.0,-64.0,-67.0,-68.0,23
-65.0,-57.0,-71.0,-45.0,-63.0,-65.0,-65.0,-68.0,23
-64.0,-57.0,-70.0,-46.0,-66.0,-64.0,-64.0,-66.0,23
-68.0,-59.0,-72.0,-46.0,-64.0,-63.0,-65.0,-67.0,23
-60.0,-57.0,-69.0,-45.0,-65.0,-64.0,-67.0,-64.0,23
-64.0,-58.0,-70.0,-46.0,-62.0,-65.0,-64.0,-65.0,23
-65.0,-58.0,-66.0,-46.0,-64.0,-66.0,-65.0,-65.0,23
-65.0,-57.0,-66.0,-45.0,-65.0,-60.0,-66.0,-66.0,23
-67.0,-59.0,-68.0,-46.0,-66.0,-62.0,-65.0,-64.0,23
-65.0,-61.0,-70.0,-45.0,-67.0,-60.0,-63.0,-62.0,23
-63.0,-59.0,-57.0,-41.0,-57.0,-55.0,-59.0,-74.0,23
-65.0,-59.0,-61.0,-42.0,-57.0,-56.0,-56.0,-71.0,23
-65.0,-59.0,-60.0,-41.0,-56.0,-55.0,-57.0,-71.0,23
-65.0,-57.0,-58.0,-42.0,-58.0,-57.0,-57.0,-69.0,23
-65.0,-61.0,-58.0,-43.0,-57.0,-56.0,-56.0,-69.0,23
-65.0,-60.0,-59.0,-42.0,-56.0,-55.0,-55.0,-69.0,23
-64.0,-61.0,-58.0,-40.0,-57.0,-54.0,-58.0,-70.0,23
-62.0,-61.0,-58.0,-41.0,-57.0,-53.0,-57.0,-72.0,23
-61.0,-61.0,-59.0,-42.0,-60.0,-57.0,-58.0,-69.0,23
-66.0,-61.0,-58.0,-40.0,-60.0,-54.0,-59.0,-75.0,23
-64.0,-60.0,-59.0,-41.0,-59.0,-52.0,-58.0,-71.0,23
-64.0,-57.0,-58.0,-39.0,-58.0,-57.0,-59.0,-74.0,23
-63.0,-58.0,-58.0,-42.0,-59.0,-57.0,-59.0,-70.0,23
-63.0,-58.0,-57.0,-41.0,-58.0,-56.0,-58.0,-73.0,23
-63.0,-57.0,-57.0,-39.0,-59.0,-54.0,-57.0,-70.0,23
-61.0,-58.0,-57.0,-41.0,-57.0,-56.0,-57.0,-70.0,23
-64.0,-61.0,-65.0,-42.0,-62.0,-52.0,-60.0,-65.0,23
-62.0,-60.0,-65.0,-43.0,-66.0,-57.0,-60.0,-67.0,23
-62.0,-59.0,-68.0,-42.0,-64.0,-56.0,-61.0,-66.0,23
-63.0,-59.0,-70.0,-42.0,-65.0,-55.0,-60.0,-69.0,23
-62.0,-59.0,-68.0,-42.0,-64.0,-54.0,-61.0,-65.0,23
-66.0,-58.0,-71.0,-41.0,-61.0,-55.0,-58.0,-65.0,23
-66.0,-59.0,-70.0,-44.0,-64.0,-57.0,-59.0,-66.0,23
-66.0,-58.0,-69.0,-45.0,-59.0,-56.0,-63.0,-66.0,23
-66.0,-59.0,-71.0,-44.0,-64.0,-56.0,-63.0,-66.0,23
-66.0,-61.0,-66.0,-42.0,-70.0,-52.0,-63.0,-68.0,23
-65.0,-58.0,-64.0,-41.0,-63.0,-55.0,-64.0,-66.0,23
-64.0,-59.0,-66.0,-42.0,-66.0,-52.0,-63.0,-66.0,23
-66.0,-59.0,-66.0,-44.0,-66.0,-53.0,-63.0,-66.0,23
-66.0,-59.0,-62.0,-41.0,-64.0,-55.0,-61.0,-65.0,23
-65.0,-59.0,-66.0,-40.0,-64.0,-52.0,-61.0,-65.0,23
-63.0,-59.0,-66.0,-42.0,-66.0,-60.0,-62.0,-67.0,23
-63.0,-58.0,-67.0,-44.0,-78.0,-54.0,-59.0,-68.0,23
-66.0,-59.0,-67.0,-42.0,-66.0,-55.0,-63.0,-66.0,23
-59.0,-56.0,-62.0,-39.0,-58.0,-61.0,-65.0,-72.0,23
-62.0,-57.0,-61.0,-36.0,-52.0,-60.0,-64.0,-73.0,23
-63.0,-56.0,-63.0,-38.0,-52.0,-62.0,-65.0,-73.0,23
-65.0,-58.0,-64.0,-37.0,-53.0,-59.0,-63.0,-73.0,23
-61.0,-55.0,-63.0,-35.0,-52.0,-59.0,-65.0,-73.0,23
-63.0,-56.0,-65.0,-36.0,-54.0,-59.0,-64.0,-76.0,23
-62.0,-57.0,-64.0,-37.0,-54.0,-60.0,-64.0,-72.0,23
-63.0,-55.0,-60.0,-36.0,-54.0,-60.0,-61.0,-73.0,23
-62.0,-58.0,-62.0,-35.0,-54.0,-61.0,-63.0,-73.0,23
-63.0,-55.0,-61.0,-37.0,-54.0,-59.0,-62.0,-77.0,23
-62.0,-56.0,-62.0,-36.0,-54.0,-60.0,-64.0,-73.0,23
-63.0,-55.0,-58.0,-37.0,-54.0,-58.0,-61.0,-71.0,23
-62.0,-55.0,-60.0,-36.0,-54.0,-59.0,-62.0,-76.0,23
-65.0,-54.0,-62.0,-37.0,-55.0,-59.0,-62.0,-71.0,23
-63.0,-56.0,-61.0,-38.0,-53.0,-60.0,-62.0,-73.0,23
-65.0,-54.0,-62.0,-36.0,-54.0,-60.0,-61.0,-71.0,23
-64.0,-55.0,-62.0,-37.0,-54.0,-62.0,-64.0,-71.0,23
-64.0,-56.0,-59.0,-37.0,-54.0,-59.0,-64.0,-71.0,23
-64.0,-56.0,-61.0,-36.0,-55.0,-60.0,-59.0,-73.0,23
-65.0,-56.0,-62.0,-37.0,-56.0,-59.0,-64.0,-73.0,23
-72.0,-71.0,-59.0,-50.0,-53.0,-63.0,-60.0,-56.0,23
-75.0,-73.0,-60.0,-50.0,-51.0,-62.0,-60.0,-56.0,24
-75.0,-69.0,-60.0,-49.0,-55.0,-59.0,-58.0,-57.0,24
-77.0,-69.0,-60.0,-49.0,-52.0,-63.0,-59.0,-56.0,24
-78.0,-71.0,-59.0,-50.0,-55.0,-62.0,-59.0,-57.0,24
-80.0,-69.0,-58.0,-49.0,-54.0,-62.0,-60.0,-56.0,24
-81.0,-67.0,-59.0,-49.0,-54.0,-56.0,-60.0,-56.0,24
-66.0,-67.0,-62.0,-53.0,-61.0,-53.0,-65.0,-59.0,24
-67.0,-66.0,-61.0,-53.0,-62.0,-61.0,-64.0,-62.0,24
-67.0,-65.0,-59.0,-52.0,-58.0,-58.0,-61.0,-61.0,24
-65.0,-65.0,-61.0,-53.0,-62.0,-60.0,-64.0,-60.0,24
-66.0,-64.0,-60.0,-54.0,-68.0,-57.0,-63.0,-59.0,24
-68.0,-62.0,-57.0,-54.0,-71.0,-60.0,-66.0,-59.0,24
-66.0,-66.0,-59.0,-56.0,-65.0,-60.0,-65.0,-60.0,24
-71.0,-63.0,-59.0,-52.0,-65.0,-59.0,-61.0,-60.0,24
-66.0,-65.0,-59.0,-54.0,-67.0,-59.0,-63.0,-61.0,24
-67.0,-65.0,-71.0,-56.0,-64.0,-60.0,-66.0,-61.0,24
-67.0,-65.0,-60.0,-55.0,-65.0,-54.0,-66.0,-60.0,24
-69.0,-63.0,-64.0,-53.0,-67.0,-57.0,-65.0,-60.0,24
-67.0,-65.0,-61.0,-55.0,-65.0,-56.0,-63.0,-60.0,24
-67.0,-64.0,-62.0,-57.0,-66.0,-55.0,-63.0,-63.0,24
-67.0,-64.0,-62.0,-55.0,-65.0,-54.0,-64.0,-60.0,24
-67.0,-64.0,-61.0,-54.0,-58.0,-55.0,-65.0,-59.0,24
-79.0,-71.0,-64.0,-53.0,-53.0,-62.0,-57.0,-66.0,24
-74.0,-73.0,-63.0,-54.0,-53.0,-61.0,-56.0,-67.0,24
-75.0,-74.0,-63.0,-52.0,-54.0,-58.0,-57.0,-66.0,24
-76.0,-73.0,-62.0,-51.0,-52.0,-58.0,-58.0,-64.0,24
-77.0,-72.0,-66.0,-53.0,-53.0,-58.0,-60.0,-67.0,24
-75.0,-73.0,-66.0,-51.0,-53.0,-60.0,-58.0,-64.0,24
-72.0,-73.0,-65.0,-53.0,-52.0,-56.0,-60.0,-65.0,24
-78.0,-74.0,-66.0,-54.0,-53.0,-60.0,-62.0,-65.0,24
-78.0,-73.0,-65.0,-52.0,-52.0,-62.0,-61.0,-64.0,24
-74.0,-73.0,-65.0,-53.0,-53.0,-61.0,-61.0,-67.0,24
-76.0,-70.0,-65.0,-52.0,-54.0,-60.0,-58.0,-67.0,24
-74.0,-72.0,-63.0,-52.0,-52.0,-59.0,-60.0,-67.0,24
-74.0,-71.0,-66.0,-51.0,-52.0,-59.0,-58.0,-67.0,24
-79.0,-72.0,-64.0,-51.0,-51.0,-62.0,-59.0,-68.0,24
-72.0,-72.0,-64.0,-53.0,-54.0,-61.0,-57.0,-66.0,24
-74.0,-73.0,-66.0,-51.0,-54.0,-58.0,-58.0,-68.0,24
-78.0,-73.0,-68.0,-54.0,-51.0,-61.0,-58.0,-65.0,24
-79.0,-72.0,-74.0,-53.0,-53.0,-59.0,-57.0,-65.0,24
-65.0,-54.0,-61.0,-53.0,-54.0,-64.0,-62.0,-65.0,24
-66.0,-55.0,-61.0,-52.0,-53.0,-59.0,-64.0,-72.0,24
-67.0,-56.0,-61.0,-51.0,-57.0,-62.0,-65.0,-72.0,24
-63.0,-54.0,-60.0,-52.0,-58.0,-62.0,-64.0,-75.0,24
-64.0,-54.0,-61.0,-54.0,-56.0,-58.0,-62.0,-73.0,24
-65.0,-54.0,-61.0,-54.0,-60.0,-59.0,-63.0,-76.0,24
-66.0,-54.0,-62.0,-54.0,-58.0,-61.0,-65.0,-72.0,24
-65.0,-54.0,-61.0,-53.0,-58.0,-61.0,-64.0,-71.0,24
-64.0,-55.0,-61.0,-51.0,-58.0,-56.0,-64.0,-71.0,24
-66.0,-54.0,-60.0,-52.0,-57.0,-59.0,-63.0,-70.0,24
-63.0,-53.0,-59.0,-51.0,-56.0,-60.0,-61.0,-70.0,24
-63.0,-55.0,-61.0,-50.0,-55.0,-60.0,-64.0,-69.0,24
-63.0,-54.0,-60.0,-52.0,-57.0,-60.0,-64.0,-71.0,24
-65.0,-54.0,-59.0,-51.0,-57.0,-60.0,-65.0,-71.0,24
-63.0,-55.0,-59.0,-51.0,-57.0,-63.0,-65.0,-71.0,24
-63.0,-56.0,-59.0,-51.0,-62.0,-63.0,-65.0,-71.0,24
-61.0,-69.0,-63.0,-61.0,-44.0,-64.0,-67.0,-59.0,24
-64.0,-66.0,-64.0,-58.0,-44.0,-63.0,-64.0,-59.0,25
-63.0,-67.0,-64.0,-57.0,-44.0,-66.0,-62.0,-60.0,25
-64.0,-69.0,-63.0,-59.0,-44.0,-70.0,-62.0,-55.0,25
-61.0,-67.0,-63.0,-59.0,-45.0,-67.0,-60.0,-55.0,25
-63.0,-67.0,-65.0,-59.0,-45.0,-65.0,-62.0,-58.0,25
-63.0,-67.0,-62.0,-60.0,-44.0,-66.0,-65.0,-57.0,25
-63.0,-68.0,-63.0,-59.0,-45.0,-66.0,-63.0,-55.0,25
-63.0,-67.0,-64.0,-57.0,-44.0,-66.0,-64.0,-56.0,25
-62.0,-69.0,-62.0,-57.0,-43.0,-64.0,-62.0,-59.0,25
-62.0,-66.0,-64.0,-60.0,-45.0,-67.0,-63.0,-59.0,25
-63.0,-66.0,-60.0,-58.0,-44.0,-65.0,-59.0,-56.0,25
-63.0,-68.0,-63.0,-56.0,-43.0,-65.0,-63.0,-58.0,25
-62.0,-65.0,-59.0,-65.0,-44.0,-65.0,-64.0,-65.0,25
-60.0,-67.0,-63.0,-61.0,-44.0,-66.0,-63.0,-65.0,25
-60.0,-67.0,-59.0,-63.0,-45.0,-66.0,-61.0,-61.0,25
-60.0,-65.0,-60.0,-66.0,-44.0,-66.0,-64.0,-61.0,25
-62.0,-64.0,-60.0,-66.0,-44.0,-63.0,-61.0,-59.0,25
-59.0,-65.0,-68.0,-73.0,-47.0,-65.0,-64.0,-61.0,25
-58.0,-63.0,-61.0,-70.0,-49.0,-67.0,-65.0,-59.0,25
-59.0,-65.0,-62.0,-70.0,-47.0,-65.0,-62.0,-61.0,25
-57.0,-63.0,-61.0,-71.0,-44.0,-66.0,-62.0,-62.0,25
-70.0,-75.0,-65.0,-74.0,-45.0,-66.0,-63.0,-65.0,25
-67.0,-77.0,-66.0,-66.0,-45.0,-65.0,-62.0,-67.0,25
-66.0,-81.0,-67.0,-69.0,-51.0,-65.0,-74.0,-67.0,25
-67.0,-79.0,-66.0,-69.0,-49.0,-65.0,-76.0,-68.0,25
-69.0,-79.0,-64.0,-66.0,-47.0,-64.0,-74.0,-68.0,25
-68.0,-77.0,-65.0,-65.0,-48.0,-65.0,-71.0,-68.0,25
-67.0,-73.0,-65.0,-64.0,-51.0,-64.0,-72.0,-68.0,25
-68.0,-75.0,-67.0,-64.0,-48.0,-64.0,-69.0,-67.0,25
-69.0,-76.0,-68.0,-66.0,-48.0,-66.0,-74.0,-66.0,25
-66.0,-74.0,-64.0,-66.0,-45.0,-65.0,-71.0,-62.0,25
-67.0,-69.0,-67.0,-61.0,-48.0,-62.0,-74.0,-67.0,25
-64.0,-75.0,-68.0,-65.0,-49.0,-64.0,-68.0,-66.0,25
-68.0,-74.0,-66.0,-63.0,-49.0,-65.0,-67.0,-64.0,25
-68.0,-76.0,-63.0,-66.0,-47.0,-66.0,-68.0,-66.0,25
-69.0,-79.0,-65.0,-65.0,-52.0,-66.0,-69.0,-69.0,25
-68.0,-80.0,-65.0,-65.0,-46.0,-60.0,-70.0,-69.0,25
-65.0,-64.0,-62.0,-59.0,-51.0,-57.0,-65.0,-66.0,25
-67.0,-63.0,-62.0,-57.0,-48.0,-59.0,-64.0,-68.0,25
-64.0,-63.0,-60.0,-64.0,-46.0,-59.0,-64.0,-66.0,25
-62.0,-64.0,-59.0,-55.0,-51.0,-59.0,-62.0,-69.0,25
-63.0,-59.0,-60.0,-58.0,-49.0,-61.0,-68.0,-68.0,25
-63.0,-64.0,-58.0,-58.0,-53.0,-56.0,-67.0,-67.0,25
-63.0,-62.0,-61.0,-63.0,-49.0,-59.0,-67.0,-66.0,25
-62.0,-65.0,-59.0,-57.0,-49.0,-57.0,-66.0,-67.0,25
-65.0,-64.0,-59.0,-58.0,-48.0,-57.0,-66.0,-71.0,25
-61.0,-63.0,-65.0,-56.0,-49.0,-58.0,-66.0,-66.0,25
-62.0,-64.0,-70.0,-56.0,-49.0,-57.0,-66.0,-67.0,25
-63.0,-63.0,-67.0,-58.0,-46.0,-56.0,-70.0,-69.0,25
-64.0,-63.0,-66.0,-54.0,-48.0,-57.0,-70.0,-68.0,25
-65.0,-63.0,-69.0,-57.0,-45.0,-58.0,-68.0,-70.0,25
-64.0,-63.0,-69.0,-58.0,-43.0,-58.0,-69.0,-70.0,25
-65.0,-63.0,-73.0,-59.0,-45.0,-57.0,-70.0,-67.0,25
-67.0,-63.0,-73.0,-59.0,-44.0,-56.0,-74.0,-68.0,25
-66.0,-62.0,-70.0,-54.0,-45.0,-56.0,-69.0,-69.0,25
-67.0,-63.0,-68.0,-54.0,-45.0,-58.0,-70.0,-70.0,25
-68.0,-65.0,-72.0,-58.0,-44.0,-55.0,-68.0,-74.0,25
-67.0,-65.0,-69.0,-58.0,-43.0,-57.0,-69.0,-73.0,25
